filename,keywords,counts
秋澄壽喜燒專門店,態度,33.0
秋澄壽喜燒專門店,價格,33.0
秋澄壽喜燒專門店,平價,30.0
秋澄壽喜燒專門店,食材,28.0
秋澄壽喜燒專門店,價位,28.0
秋澄壽喜燒專門店,品質,26.0
秋澄壽喜燒專門店,環境,25.0
秋澄壽喜燒專門店,壽喜,25.0
秋澄壽喜燒專門店,店員,23.0
秋澄壽喜燒專門店,牛肉,22.0
秋澄壽喜燒專門店,cp值,22.0
秋澄壽喜燒專門店,感覺,20.0
秋澄壽喜燒專門店,客人,19.0
秋澄壽喜燒專門店,肉品,18.0
秋澄壽喜燒專門店,東西,17.0
秋澄壽喜燒專門店,速度,16.0
秋澄壽喜燒專門店,時間,16.0
秋澄壽喜燒專門店,飲料,14.0
秋澄壽喜燒專門店,人員,14.0
秋澄壽喜燒專門店,海鮮,14.0
M&M音樂廚房,老闆,28.0
M&M音樂廚房,餐點,26.0
M&M音樂廚房,音樂,15.0
M&M音樂廚房,環境,14.0
M&M音樂廚房,音響,12.0
M&M音樂廚房,豬腳,11.0
M&M音樂廚房,黑膠,11.0
M&M音樂廚房,地方,9.0
M&M音樂廚房,氣氛,9.0
M&M音樂廚房,牛排,7.0
M&M音樂廚房,設備,7.0
M&M音樂廚房,料理,7.0
M&M音樂廚房,味道,6.0
M&M音樂廚房,份量,6.0
M&M音樂廚房,唱片,6.0
M&M音樂廚房,老闆娘,6.0
M&M音樂廚房,甜點,6.0
M&M音樂廚房,價格,5.0
M&M音樂廚房,東西,5.0
M&M音樂廚房,主餐,5.0
泰膳娘泰式料理 - 〈泰式料理〉麻豆隱藏版料理|異國料理|熱門餐廳|人氣餐廳|美食泰式打拋豬|泰式椒麻雞|道地泰式奶茶,泰式,53.0
泰膳娘泰式料理 - 〈泰式料理〉麻豆隱藏版料理|異國料理|熱門餐廳|人氣餐廳|美食泰式打拋豬|泰式椒麻雞|道地泰式奶茶,口味,46.0
泰膳娘泰式料理 - 〈泰式料理〉麻豆隱藏版料理|異國料理|熱門餐廳|人氣餐廳|美食泰式打拋豬|泰式椒麻雞|道地泰式奶茶,料理,36.0
泰膳娘泰式料理 - 〈泰式料理〉麻豆隱藏版料理|異國料理|熱門餐廳|人氣餐廳|美食泰式打拋豬|泰式椒麻雞|道地泰式奶茶,蝦餅,22.0
泰膳娘泰式料理 - 〈泰式料理〉麻豆隱藏版料理|異國料理|熱門餐廳|人氣餐廳|美食泰式打拋豬|泰式椒麻雞|道地泰式奶茶,甜點,22.0
泰膳娘泰式料理 - 〈泰式料理〉麻豆隱藏版料理|異國料理|熱門餐廳|人氣餐廳|美食泰式打拋豬|泰式椒麻雞|道地泰式奶茶,餐點,21.0
泰膳娘泰式料理 - 〈泰式料理〉麻豆隱藏版料理|異國料理|熱門餐廳|人氣餐廳|美食泰式打拋豬|泰式椒麻雞|道地泰式奶茶,海鮮,21.0
泰膳娘泰式料理 - 〈泰式料理〉麻豆隱藏版料理|異國料理|熱門餐廳|人氣餐廳|美食泰式打拋豬|泰式椒麻雞|道地泰式奶茶,味道,20.0
泰膳娘泰式料理 - 〈泰式料理〉麻豆隱藏版料理|異國料理|熱門餐廳|人氣餐廳|美食泰式打拋豬|泰式椒麻雞|道地泰式奶茶,份量,19.0
泰膳娘泰式料理 - 〈泰式料理〉麻豆隱藏版料理|異國料理|熱門餐廳|人氣餐廳|美食泰式打拋豬|泰式椒麻雞|道地泰式奶茶,檸檬魚,18.0
泰膳娘泰式料理 - 〈泰式料理〉麻豆隱藏版料理|異國料理|熱門餐廳|人氣餐廳|美食泰式打拋豬|泰式椒麻雞|道地泰式奶茶,價格,17.0
泰膳娘泰式料理 - 〈泰式料理〉麻豆隱藏版料理|異國料理|熱門餐廳|人氣餐廳|美食泰式打拋豬|泰式椒麻雞|道地泰式奶茶,環境,16.0
泰膳娘泰式料理 - 〈泰式料理〉麻豆隱藏版料理|異國料理|熱門餐廳|人氣餐廳|美食泰式打拋豬|泰式椒麻雞|道地泰式奶茶,態度,15.0
泰膳娘泰式料理 - 〈泰式料理〉麻豆隱藏版料理|異國料理|熱門餐廳|人氣餐廳|美食泰式打拋豬|泰式椒麻雞|道地泰式奶茶,東西,15.0
泰膳娘泰式料理 - 〈泰式料理〉麻豆隱藏版料理|異國料理|熱門餐廳|人氣餐廳|美食泰式打拋豬|泰式椒麻雞|道地泰式奶茶,月亮,15.0
泰膳娘泰式料理 - 〈泰式料理〉麻豆隱藏版料理|異國料理|熱門餐廳|人氣餐廳|美食泰式打拋豬|泰式椒麻雞|道地泰式奶茶,蝦醬,14.0
泰膳娘泰式料理 - 〈泰式料理〉麻豆隱藏版料理|異國料理|熱門餐廳|人氣餐廳|美食泰式打拋豬|泰式椒麻雞|道地泰式奶茶,人員,14.0
泰膳娘泰式料理 - 〈泰式料理〉麻豆隱藏版料理|異國料理|熱門餐廳|人氣餐廳|美食泰式打拋豬|泰式椒麻雞|道地泰式奶茶,奶茶,12.0
泰膳娘泰式料理 - 〈泰式料理〉麻豆隱藏版料理|異國料理|熱門餐廳|人氣餐廳|美食泰式打拋豬|泰式椒麻雞|道地泰式奶茶,椒麻雞,12.0
泰膳娘泰式料理 - 〈泰式料理〉麻豆隱藏版料理|異國料理|熱門餐廳|人氣餐廳|美食泰式打拋豬|泰式椒麻雞|道地泰式奶茶,店家,12.0
保安鹽水手工意麵,意麵,13.0
保安鹽水手工意麵,老闆娘,9.0
保安鹽水手工意麵,老闆娘人,6.0
保安鹽水手工意麵,價格,5.0
保安鹽水手工意麵,米糕,5.0
保安鹽水手工意麵,份量,5.0
保安鹽水手工意麵,滷味,4.0
保安鹽水手工意麵,味道,4.0
保安鹽水手工意麵,肉燥,4.0
保安鹽水手工意麵,魚皮湯,4.0
保安鹽水手工意麵,乾意麵,4.0
保安鹽水手工意麵,東西,3.0
保安鹽水手工意麵,豆芽菜,3.0
保安鹽水手工意麵,肥肉,3.0
保安鹽水手工意麵,清湯,3.0
保安鹽水手工意麵,小吃,3.0
保安鹽水手工意麵,醬汁,3.0
保安鹽水手工意麵,整體,3.0
保安鹽水手工意麵,魚皮,3.0
保安鹽水手工意麵,豆干,3.0
好地方蝦仁肉絲飯,蝦仁飯,88.0
好地方蝦仁肉絲飯,香腸,59.0
好地方蝦仁肉絲飯,蝦仁,53.0
好地方蝦仁肉絲飯,味道,21.0
好地方蝦仁肉絲飯,肉絲飯,21.0
好地方蝦仁肉絲飯,小菜,19.0
好地方蝦仁肉絲飯,口味,19.0
好地方蝦仁肉絲飯,價格,14.0
好地方蝦仁肉絲飯,平價,14.0
好地方蝦仁肉絲飯,早餐,12.0
好地方蝦仁肉絲飯,美食,11.0
好地方蝦仁肉絲飯,東西,11.0
好地方蝦仁肉絲飯,在地人,10.0
好地方蝦仁肉絲飯,古早味,8.0
好地方蝦仁肉絲飯,肉絲,8.0
好地方蝦仁肉絲飯,小吃,8.0
好地方蝦仁肉絲飯,便當,8.0
好地方蝦仁肉絲飯,魚皮湯,8.0
好地方蝦仁肉絲飯,噌湯,8.0
好地方蝦仁肉絲飯,台南人,7.0
斑鳩的窩,豬排,20.0
斑鳩的窩,菜絲,9.0
斑鳩的窩,味道,8.0
斑鳩的窩,餐點,8.0
斑鳩的窩,態度,7.0
斑鳩的窩,白飯,7.0
斑鳩的窩,價位,6.0
斑鳩的窩,斑鳩,6.0
斑鳩的窩,高麗菜,6.0
斑鳩的窩,口感,5.0
斑鳩的窩,甜點,5.0
斑鳩的窩,份量,5.0
斑鳩的窩,人員,5.0
斑鳩的窩,食物,5.0
斑鳩的窩,東西,5.0
斑鳩的窩,口味,4.0
斑鳩的窩,客人,4.0
斑鳩的窩,整體,4.0
斑鳩的窩,價格,4.0
斑鳩的窩,服務費,4.0
饕公麻辣燙,湯頭,57.0
饕公麻辣燙,麻辣鍋,56.0
饕公麻辣燙,態度,53.0
饕公麻辣燙,味道,49.0
饕公麻辣燙,價格,44.0
饕公麻辣燙,服務費,44.0
饕公麻辣燙,鴨血,42.0
饕公麻辣燙,店員,34.0
饕公麻辣燙,火鍋,33.0
饕公麻辣燙,東西,33.0
饕公麻辣燙,口味,30.0
饕公麻辣燙,客人,28.0
饕公麻辣燙,人員,28.0
饕公麻辣燙,套餐,28.0
饕公麻辣燙,饕公,25.0
饕公麻辣燙,感覺,22.0
饕公麻辣燙,湯底,22.0
饕公麻辣燙,餐點,21.0
饕公麻辣燙,朋友,20.0
饕公麻辣燙,飲料,20.0
安平許家,蝦仁,47.0
安平許家,肉圓,40.0
安平許家,肉丸,33.0
安平許家,芋粿,29.0
安平許家,味道,20.0
安平許家,魚丸湯,19.0
安平許家,美食,17.0
安平許家,小吃,15.0
安平許家,碗粿,12.0
安平許家,魚皮,12.0
安平許家,在地人,11.0
安平許家,老闆娘,10.0
安平許家,湯頭,9.0
安平許家,魚丸,8.0
安平許家,口感,8.0
安平許家,魚皮湯,8.0
安平許家,價格,8.0
安平許家,店家,7.0
安平許家,芋頭,7.0
安平許家,古早味,6.0
瑞珍蝦仁餛飩,蚵仔,33.0
瑞珍蝦仁餛飩,棺材板,24.0
瑞珍蝦仁餛飩,蝦仁,20.0
瑞珍蝦仁餛飩,味道,19.0
瑞珍蝦仁餛飩,蚵仔煎,17.0
瑞珍蝦仁餛飩,餛飩,16.0
瑞珍蝦仁餛飩,蝦捲,13.0
瑞珍蝦仁餛飩,炸餛飩,12.0
瑞珍蝦仁餛飩,店員,9.0
瑞珍蝦仁餛飩,態度,9.0
瑞珍蝦仁餛飩,東西,9.0
瑞珍蝦仁餛飩,豆芽菜,7.0
瑞珍蝦仁餛飩,價格,7.0
瑞珍蝦仁餛飩,炸蝦仁,5.0
瑞珍蝦仁餛飩,濃湯,5.0
瑞珍蝦仁餛飩,蝦子,5.0
瑞珍蝦仁餛飩,觀光客,5.0
瑞珍蝦仁餛飩,美食,4.0
瑞珍蝦仁餛飩,蝦卷,4.0
瑞珍蝦仁餛飩,重點,4.0
錦町燒餃「原正義餃子」,餃子,304.0
錦町燒餃「原正義餃子」,鐵鍋,54.0
錦町燒餃「原正義餃子」,口味,48.0
錦町燒餃「原正義餃子」,煎餃,46.0
錦町燒餃「原正義餃子」,味道,42.0
錦町燒餃「原正義餃子」,牛肉,41.0
錦町燒餃「原正義餃子」,拉麵,38.0
錦町燒餃「原正義餃子」,海王,35.0
錦町燒餃「原正義餃子」,元氣,33.0
錦町燒餃「原正義餃子」,湯頭,27.0
錦町燒餃「原正義餃子」,內餡,26.0
錦町燒餃「原正義餃子」,泰式,25.0
錦町燒餃「原正義餃子」,老闆,23.0
錦町燒餃「原正義餃子」,特色,19.0
錦町燒餃「原正義餃子」,風味,17.0
錦町燒餃「原正義餃子」,感覺,15.0
錦町燒餃「原正義餃子」,口感,15.0
錦町燒餃「原正義餃子」,店家,15.0
錦町燒餃「原正義餃子」,環境,13.0
錦町燒餃「原正義餃子」,柚子,13.0
懷舊小棧杏仁豆腐冰,豆腐,1562.0
懷舊小棧杏仁豆腐冰,杏仁,1009.0
懷舊小棧杏仁豆腐冰,煉乳,394.0
懷舊小棧杏仁豆腐冰,芝麻醬,381.0
懷舊小棧杏仁豆腐冰,味道,264.0
懷舊小棧杏仁豆腐冰,口味,252.0
懷舊小棧杏仁豆腐冰,鮮奶,250.0
懷舊小棧杏仁豆腐冰,口感,206.0
懷舊小棧杏仁豆腐冰,紅豆,194.0
懷舊小棧杏仁豆腐冰,牛奶,172.0
懷舊小棧杏仁豆腐冰,配料,168.0
懷舊小棧杏仁豆腐冰,茶豆腐,141.0
懷舊小棧杏仁豆腐冰,薏仁,135.0
懷舊小棧杏仁豆腐冰,冰品,126.0
懷舊小棧杏仁豆腐冰,芝麻,121.0
懷舊小棧杏仁豆腐冰,湯圓,106.0
懷舊小棧杏仁豆腐冰,杏仁味,100.0
懷舊小棧杏仁豆腐冰,價格,96.0
懷舊小棧杏仁豆腐冰,芋頭,94.0
懷舊小棧杏仁豆腐冰,綠豆,78.0
卓家肉燥飯,魚麵,397.0
卓家肉燥飯,份量,154.0
卓家肉燥飯,味道,120.0
卓家肉燥飯,口感,115.0
卓家肉燥飯,魚冊,92.0
卓家肉燥飯,態度,69.0
卓家肉燥飯,魚冊湯,64.0
卓家肉燥飯,湯頭,63.0
卓家肉燥飯,口味,61.0
卓家肉燥飯,麵條,53.0
卓家肉燥飯,價格,52.0
卓家肉燥飯,特色,51.0
卓家肉燥飯,小吃,43.0
卓家肉燥飯,魚肉,43.0
卓家肉燥飯,燥飯,39.0
卓家肉燥飯,老闆,37.0
卓家肉燥飯,東西,34.0
卓家肉燥飯,店家,33.0
卓家肉燥飯,美食,33.0
卓家肉燥飯,魚漿,31.0
A-Cai Beef Soup,牛肉湯,1466.0
A-Cai Beef Soup,牛肉,1241.0
A-Cai Beef Soup,湯頭,415.0
A-Cai Beef Soup,燥飯,261.0
A-Cai Beef Soup,味道,223.0
A-Cai Beef Soup,阿財,198.0
A-Cai Beef Soup,肉質,177.0
A-Cai Beef Soup,白飯,149.0
A-Cai Beef Soup,口味,149.0
A-Cai Beef Soup,滷肉飯,147.0
A-Cai Beef Soup,冷氣,141.0
A-Cai Beef Soup,肉燥飯,131.0
A-Cai Beef Soup,文章,107.0
A-Cai Beef Soup,口感,102.0
A-Cai Beef Soup,炒飯,100.0
A-Cai Beef Soup,牛肉麵,91.0
A-Cai Beef Soup,份量,88.0
A-Cai Beef Soup,店家,85.0
A-Cai Beef Soup,芥蘭,84.0
A-Cai Beef Soup,肥肉,81.0
劉家粽子 西門店,肉粽,433.0
劉家粽子 西門店,粽子,306.0
劉家粽子 西門店,菜粽,203.0
劉家粽子 西門店,味道,168.0
劉家粽子 西門店,口味,121.0
劉家粽子 西門店,小時,119.0
劉家粽子 西門店,花生粉,105.0
劉家粽子 西門店,噌湯,96.0
劉家粽子 西門店,口感,78.0
劉家粽子 西門店,價格,66.0
劉家粽子 西門店,醬料,58.0
劉家粽子 西門店,花生,58.0
劉家粽子 西門店,糯米,57.0
劉家粽子 西門店,香菜,56.0
劉家粽子 西門店,魚翅,55.0
劉家粽子 西門店,碗粿,49.0
劉家粽子 西門店,素食,48.0
劉家粽子 西門店,魚翅羹,42.0
劉家粽子 西門店,店家,40.0
劉家粽子 西門店,東西,39.0
阿明豬心冬粉,豬心,1015.0
阿明豬心冬粉,豬腳,558.0
阿明豬心冬粉,冬粉,539.0
阿明豬心冬粉,老闆,389.0
阿明豬心冬粉,份量,332.0
阿明豬心冬粉,味道,286.0
阿明豬心冬粉,湯頭,238.0
阿明豬心冬粉,豬肝,227.0
阿明豬心冬粉,東西,208.0
阿明豬心冬粉,腥味,200.0
阿明豬心冬粉,阿明,195.0
阿明豬心冬粉,小時,193.0
阿明豬心冬粉,美食,175.0
阿明豬心冬粉,腰子,166.0
阿明豬心冬粉,麻油,165.0
阿明豬心冬粉,內臟,164.0
阿明豬心冬粉,時間,160.0
阿明豬心冬粉,鴨腳翅,157.0
阿明豬心冬粉,口感,144.0
阿明豬心冬粉,人潮,129.0
保安路米糕,米糕,559.0
保安路米糕,神湯,111.0
保安路米糕,味道,85.0
保安路米糕,肉燥,83.0
保安路米糕,小黃瓜,67.0
保安路米糕,口感,58.0
保安路米糕,口味,57.0
保安路米糕,魚皮湯,54.0
保安路米糕,魚鬆,51.0
保安路米糕,四神湯,50.0
保安路米糕,份量,45.0
保安路米糕,糯米,41.0
保安路米糕,花生,41.0
保安路米糕,價格,39.0
保安路米糕,油條,34.0
保安路米糕,香氣,32.0
保安路米糕,美食,32.0
保安路米糕,古早味,31.0
保安路米糕,小吃,30.0
保安路米糕,滷肉,29.0
極牛溫體牛肉火鍋餐廳,牛肉,103.0
極牛溫體牛肉火鍋餐廳,湯頭,61.0
極牛溫體牛肉火鍋餐廳,肉質,24.0
極牛溫體牛肉火鍋餐廳,價格,22.0
極牛溫體牛肉火鍋餐廳,老闆,22.0
極牛溫體牛肉火鍋餐廳,食材,17.0
極牛溫體牛肉火鍋餐廳,環境,17.0
極牛溫體牛肉火鍋餐廳,態度,17.0
極牛溫體牛肉火鍋餐廳,東西,14.0
極牛溫體牛肉火鍋餐廳,價位,12.0
極牛溫體牛肉火鍋餐廳,火鍋,12.0
極牛溫體牛肉火鍋餐廳,人員,11.0
極牛溫體牛肉火鍋餐廳,湯底,10.0
極牛溫體牛肉火鍋餐廳,店家,10.0
極牛溫體牛肉火鍋餐廳,烏梅汁,9.0
極牛溫體牛肉火鍋餐廳,客人,8.0
極牛溫體牛肉火鍋餐廳,鍋底,7.0
極牛溫體牛肉火鍋餐廳,口感,7.0
極牛溫體牛肉火鍋餐廳,cp值,6.0
極牛溫體牛肉火鍋餐廳,牛肉丸,6.0
上欣快餐,便當,28.0
上欣快餐,主菜,12.0
上欣快餐,菜色,11.0
上欣快餐,雞腿,10.0
上欣快餐,佛心,10.0
上欣快餐,配菜,9.0
上欣快餐,價格,9.0
上欣快餐,價錢,4.0
上欣快餐,味道,4.0
上欣快餐,東西,4.0
上欣快餐,口味,3.0
上欣快餐,價位,3.0
上欣快餐,衛生,3.0
上欣快餐,主食,3.0
上欣快餐,cp值,3.0
上欣快餐,白飯,2.0
上欣快餐,選擇,2.0
上欣快餐,態度,2.0
上欣快餐,環境,2.0
上欣快餐,缺點,2.0
再發號百年肉粽,肉粽,478.0
再發號百年肉粽,粽子,148.0
再發號百年肉粽,味道,101.0
再發號百年肉粽,八寶,87.0
再發號百年肉粽,口味,82.0
再發號百年肉粽,價格,68.0
再發號百年肉粽,八寶粽,57.0
再發號百年肉粽,糯米,52.0
再發號百年肉粽,海鮮,51.0
再發號百年肉粽,口感,48.0
再發號百年肉粽,栗子,45.0
再發號百年肉粽,香菇,41.0
再發號百年肉粽,肉燥,39.0
再發號百年肉粽,小卷,38.0
再發號百年肉粽,干貝,33.0
再發號百年肉粽,店家,32.0
再發號百年肉粽,蛋黃,31.0
再發號百年肉粽,感覺,30.0
再發號百年肉粽,羹湯,28.0
再發號百年肉粽,用料,27.0
壽喜屋複合式餐飲,餐點,60.0
壽喜屋複合式餐飲,環境,41.0
壽喜屋複合式餐飲,價格,28.0
壽喜屋複合式餐飲,火鍋,23.0
壽喜屋複合式餐飲,飲料,20.0
壽喜屋複合式餐飲,平價,15.0
壽喜屋複合式餐飲,東西,13.0
壽喜屋複合式餐飲,空間,13.0
壽喜屋複合式餐飲,態度,11.0
壽喜屋複合式餐飲,價位,11.0
壽喜屋複合式餐飲,食材,11.0
壽喜屋複合式餐飲,地方,11.0
壽喜屋複合式餐飲,裝潢,10.0
壽喜屋複合式餐飲,口味,10.0
壽喜屋複合式餐飲,定食,9.0
壽喜屋複合式餐飲,紅茶,9.0
壽喜屋複合式餐飲,份量,8.0
壽喜屋複合式餐飲,壽喜,8.0
壽喜屋複合式餐飲,炸雞,7.0
壽喜屋複合式餐飲,料理,7.0
新松子日本料理,料理,65.0
新松子日本料理,菜色,42.0
新松子日本料理,價格,42.0
新松子日本料理,食材,39.0
新松子日本料理,餐點,35.0
新松子日本料理,生魚片,33.0
新松子日本料理,環境,29.0
新松子日本料理,定食,24.0
新松子日本料理,東西,23.0
新松子日本料理,口味,20.0
新松子日本料理,人員,19.0
新松子日本料理,態度,18.0
新松子日本料理,食物,17.0
新松子日本料理,地方,15.0
新松子日本料理,cp值,15.0
新松子日本料理,速度,14.0
新松子日本料理,平價,14.0
新松子日本料理,婚宴,14.0
新松子日本料理,空間,13.0
新松子日本料理,壽司,13.0
徐媽媽早點,燒餅,49.0
徐媽媽早點,蛋餅,37.0
徐媽媽早點,價格,15.0
徐媽媽早點,油條,14.0
徐媽媽早點,味道,11.0
徐媽媽早點,環境,10.0
徐媽媽早點,蔥油餅,10.0
徐媽媽早點,豆漿,9.0
徐媽媽早點,手工,9.0
徐媽媽早點,鹹豆漿,9.0
徐媽媽早點,酥餅,8.0
徐媽媽早點,早餐,8.0
徐媽媽早點,肉餅,8.0
徐媽媽早點,態度,8.0
徐媽媽早點,口味,7.0
徐媽媽早點,價錢,7.0
徐媽媽早點,餡餅,7.0
徐媽媽早點,老闆,6.0
徐媽媽早點,感覺,6.0
徐媽媽早點,店家,5.0
強棒友魚海鮮,海鮮,35.0
強棒友魚海鮮,老闆,28.0
強棒友魚海鮮,食材,14.0
強棒友魚海鮮,價格,12.0
強棒友魚海鮮,菜色,8.0
強棒友魚海鮮,平價,7.0
強棒友魚海鮮,食物,7.0
強棒友魚海鮮,味道,7.0
強棒友魚海鮮,餐點,7.0
強棒友魚海鮮,料理,6.0
強棒友魚海鮮,公道,5.0
強棒友魚海鮮,東西,5.0
強棒友魚海鮮,口味,5.0
強棒友魚海鮮,價位,5.0
強棒友魚海鮮,選手,5.0
強棒友魚海鮮,內容,5.0
強棒友魚海鮮,生魚片,5.0
強棒友魚海鮮,土魠魚,5.0
強棒友魚海鮮,朋友,4.0
強棒友魚海鮮,老闆人,4.0
布老虎廚坊,餐點,96.0
布老虎廚坊,火鍋,43.0
布老虎廚坊,份量,40.0
布老虎廚坊,環境,34.0
布老虎廚坊,價格,31.0
布老虎廚坊,氣氛,21.0
布老虎廚坊,味道,19.0
布老虎廚坊,裝潢,17.0
布老虎廚坊,飲料,17.0
布老虎廚坊,甜點,16.0
布老虎廚坊,口味,16.0
布老虎廚坊,義大利麵,14.0
布老虎廚坊,地方,14.0
布老虎廚坊,態度,12.0
布老虎廚坊,料理,12.0
布老虎廚坊,植物,11.0
布老虎廚坊,價位,10.0
布老虎廚坊,朋友,10.0
布老虎廚坊,東西,10.0
布老虎廚坊,濃湯,9.0
不餓門廣東粥,炒飯,52.0
不餓門廣東粥,蝦仁,27.0
不餓門廣東粥,燴飯,21.0
不餓門廣東粥,牛肉,18.0
不餓門廣東粥,態度,10.0
不餓門廣東粥,燒肉,9.0
不餓門廣東粥,份量,8.0
不餓門廣東粥,蝦子,8.0
不餓門廣東粥,價錢,8.0
不餓門廣東粥,味道,7.0
不餓門廣東粥,店家,6.0
不餓門廣東粥,速度,6.0
不餓門廣東粥,東西,6.0
不餓門廣東粥,價格,5.0
不餓門廣東粥,蚵仔,5.0
不餓門廣東粥,滑雞湯,5.0
不餓門廣東粥,衛生,4.0
不餓門廣東粥,海鮮,4.0
不餓門廣東粥,整體,4.0
不餓門廣東粥,感覺,4.0
Thai Town Cuisine - Tainan Ximen Mitsukoshi Store,人員,52.0
Thai Town Cuisine - Tainan Ximen Mitsukoshi Store,餐點,40.0
Thai Town Cuisine - Tainan Ximen Mitsukoshi Store,態度,36.0
Thai Town Cuisine - Tainan Ximen Mitsukoshi Store,泰式,34.0
Thai Town Cuisine - Tainan Ximen Mitsukoshi Store,料理,30.0
Thai Town Cuisine - Tainan Ximen Mitsukoshi Store,套餐,23.0
Thai Town Cuisine - Tainan Ximen Mitsukoshi Store,蝦餅,23.0
Thai Town Cuisine - Tainan Ximen Mitsukoshi Store,口味,22.0
Thai Town Cuisine - Tainan Ximen Mitsukoshi Store,月亮,22.0
Thai Town Cuisine - Tainan Ximen Mitsukoshi Store,價格,21.0
Thai Town Cuisine - Tainan Ximen Mitsukoshi Store,客人,21.0
Thai Town Cuisine - Tainan Ximen Mitsukoshi Store,品質,18.0
Thai Town Cuisine - Tainan Ximen Mitsukoshi Store,菜色,16.0
Thai Town Cuisine - Tainan Ximen Mitsukoshi Store,味道,15.0
Thai Town Cuisine - Tainan Ximen Mitsukoshi Store,服務員,15.0
Thai Town Cuisine - Tainan Ximen Mitsukoshi Store,服務費,13.0
Thai Town Cuisine - Tainan Ximen Mitsukoshi Store,東西,13.0
Thai Town Cuisine - Tainan Ximen Mitsukoshi Store,小時,13.0
Thai Town Cuisine - Tainan Ximen Mitsukoshi Store,飲料,12.0
Thai Town Cuisine - Tainan Ximen Mitsukoshi Store,食物,12.0
韓樂亭,料理,22.0
韓樂亭,老闆娘,19.0
韓樂亭,韓式,18.0
韓樂亭,煎餅,16.0
韓樂亭,味道,15.0
韓樂亭,小菜,15.0
韓樂亭,餐點,13.0
韓樂亭,海鮮,10.0
韓樂亭,口味,8.0
韓樂亭,石鍋,8.0
韓樂亭,東西,6.0
韓樂亭,客人,6.0
韓樂亭,鍋巴,5.0
韓樂亭,份量,5.0
韓樂亭,口感,5.0
韓樂亭,奶奶,5.0
韓樂亭,冷氣,4.0
韓樂亭,豆腐鍋,4.0
韓樂亭,時間,4.0
韓樂亭,乾碰雞,4.0
Anping Lin beef soup,牛肉湯,145.0
Anping Lin beef soup,牛肉,105.0
Anping Lin beef soup,湯頭,100.0
Anping Lin beef soup,老闆,65.0
Anping Lin beef soup,白飯,62.0
Anping Lin beef soup,肉燥,45.0
Anping Lin beef soup,味道,39.0
Anping Lin beef soup,燥飯,31.0
Anping Lin beef soup,牛腩,27.0
Anping Lin beef soup,肉質,27.0
Anping Lin beef soup,小時,25.0
Anping Lin beef soup,環境,19.0
Anping Lin beef soup,態度,19.0
Anping Lin beef soup,肉燥飯,19.0
Anping Lin beef soup,老闆娘,18.0
Anping Lin beef soup,口味,17.0
Anping Lin beef soup,牛腩湯,16.0
Anping Lin beef soup,滷肉飯,16.0
Anping Lin beef soup,牛筋,15.0
Anping Lin beef soup,客人,15.0
Chuanben Jia Izakaya Restaurant,老闆,13.0
Chuanben Jia Izakaya Restaurant,老闆娘,10.0
Chuanben Jia Izakaya Restaurant,料理,8.0
Chuanben Jia Izakaya Restaurant,食材,6.0
Chuanben Jia Izakaya Restaurant,味道,5.0
Chuanben Jia Izakaya Restaurant,炸雞,5.0
Chuanben Jia Izakaya Restaurant,日本人,5.0
Chuanben Jia Izakaya Restaurant,感覺,5.0
Chuanben Jia Izakaya Restaurant,食物,5.0
Chuanben Jia Izakaya Restaurant,餐點,4.0
Chuanben Jia Izakaya Restaurant,小店,4.0
Chuanben Jia Izakaya Restaurant,日本味,4.0
Chuanben Jia Izakaya Restaurant,菜色,4.0
Chuanben Jia Izakaya Restaurant,口味,4.0
Chuanben Jia Izakaya Restaurant,居酒屋,4.0
Chuanben Jia Izakaya Restaurant,風味,3.0
Chuanben Jia Izakaya Restaurant,小菜,3.0
Chuanben Jia Izakaya Restaurant,家庭,2.0
Chuanben Jia Izakaya Restaurant,師傅,2.0
Chuanben Jia Izakaya Restaurant,特色,2.0
糖Bar子,套餐,14.0
糖Bar子,餐點,13.0
糖Bar子,漢堡,10.0
糖Bar子,義大利麵,10.0
糖Bar子,時間,10.0
糖Bar子,飲料,9.0
糖Bar子,裝潢,8.0
糖Bar子,燉飯,7.0
糖Bar子,小時,7.0
糖Bar子,味道,6.0
糖Bar子,價位,6.0
糖Bar子,地方,6.0
糖Bar子,飲品,5.0
糖Bar子,麵包,5.0
糖Bar子,氣氛,4.0
糖Bar子,香腸,4.0
糖Bar子,口味,4.0
糖Bar子,價格,4.0
糖Bar子,汽水,4.0
糖Bar子,餐盤,4.0
陳家燴炒羊肉爐,羊肉,27.0
陳家燴炒羊肉爐,口味,13.0
陳家燴炒羊肉爐,羊肉爐,12.0
陳家燴炒羊肉爐,燴飯,11.0
陳家燴炒羊肉爐,當歸,9.0
陳家燴炒羊肉爐,老闆,8.0
陳家燴炒羊肉爐,麵線,7.0
陳家燴炒羊肉爐,清湯,6.0
陳家燴炒羊肉爐,價格,5.0
陳家燴炒羊肉爐,平價,5.0
陳家燴炒羊肉爐,紅茶,5.0
陳家燴炒羊肉爐,味道,5.0
陳家燴炒羊肉爐,湯頭,5.0
陳家燴炒羊肉爐,羊油,5.0
陳家燴炒羊肉爐,羊肉湯,4.0
陳家燴炒羊肉爐,價錢,4.0
陳家燴炒羊肉爐,價位,3.0
陳家燴炒羊肉爐,態度,3.0
陳家燴炒羊肉爐,cp值,3.0
陳家燴炒羊肉爐,老闆娘,3.0
進福炒鱔魚專家,鱔魚,1289.0
進福炒鱔魚專家,意麵,556.0
進福炒鱔魚專家,口味,263.0
進福炒鱔魚專家,味道,213.0
進福炒鱔魚專家,價格,171.0
進福炒鱔魚專家,花枝,154.0
進福炒鱔魚專家,份量,129.0
進福炒鱔魚專家,老闆,125.0
進福炒鱔魚專家,口感,124.0
進福炒鱔魚專家,時間,115.0
進福炒鱔魚專家,魷魚,100.0
進福炒鱔魚專家,麻油,99.0
進福炒鱔魚專家,麻油腰花,90.0
進福炒鱔魚專家,麻油腰子,88.0
進福炒鱔魚專家,態度,84.0
進福炒鱔魚專家,小時,83.0
進福炒鱔魚專家,鱔魚麵,82.0
進福炒鱔魚專家,店家,81.0
進福炒鱔魚專家,腰花,77.0
進福炒鱔魚專家,腰子,70.0
Chen oyster roll,蚵捲,243.0
Chen oyster roll,蚵仔,241.0
Chen oyster roll,蝦捲,167.0
Chen oyster roll,味道,98.0
Chen oyster roll,蚵仔煎,95.0
Chen oyster roll,態度,68.0
Chen oyster roll,蝦卷,61.0
Chen oyster roll,東西,57.0
Chen oyster roll,蚵卷,54.0
Chen oyster roll,口味,52.0
Chen oyster roll,感覺,43.0
Chen oyster roll,餐點,42.0
Chen oyster roll,鮮蚵,42.0
Chen oyster roll,蝦仁,42.0
Chen oyster roll,價格,39.0
Chen oyster roll,蚵仔酥,38.0
Chen oyster roll,口感,35.0
Chen oyster roll,食物,32.0
Chen oyster roll,豆芽菜,32.0
Chen oyster roll,觀光客,30.0
瑞珍台南小吃,蚵仔,11.0
瑞珍台南小吃,蝦仁,8.0
瑞珍台南小吃,餛飩,8.0
瑞珍台南小吃,棺材板,8.0
瑞珍台南小吃,價格,7.0
瑞珍台南小吃,東西,7.0
瑞珍台南小吃,味道,6.0
瑞珍台南小吃,蚵仔煎,6.0
瑞珍台南小吃,冷氣,6.0
瑞珍台南小吃,環境,3.0
瑞珍台南小吃,炸蝦仁,2.0
瑞珍台南小吃,感覺,2.0
瑞珍台南小吃,蝦捲,2.0
瑞珍台南小吃,擔仔麵,2.0
瑞珍台南小吃,阿姨,2.0
瑞珍台南小吃,麵線,2.0
瑞珍台南小吃,餐食,2.0
瑞珍台南小吃,外酥,1.0
瑞珍台南小吃,需要,1.0
瑞珍台南小吃,時間,1.0
東興蚵嗲,蚵嗲,111.0
東興蚵嗲,味道,52.0
東興蚵嗲,蚵仔,50.0
東興蚵嗲,蝦捲,45.0
東興蚵嗲,外皮,31.0
東興蚵嗲,口味,27.0
東興蚵嗲,鹹粿,21.0
東興蚵嗲,高麗菜,20.0
東興蚵嗲,口感,19.0
東興蚵嗲,神湯,17.0
東興蚵嗲,價格,16.0
東興蚵嗲,蚵爹,16.0
東興蚵嗲,醬料,13.0
東興蚵嗲,東西,11.0
東興蚵嗲,花枝,10.0
東興蚵嗲,彈珠,9.0
東興蚵嗲,汽水,9.0
東興蚵嗲,牛肉湯,9.0
東興蚵嗲,古早味,9.0
東興蚵嗲,炸物,8.0
阿美深海鮮魚湯,螃蟹,274.0
阿美深海鮮魚湯,螃蟹粥,130.0
阿美深海鮮魚湯,味道,68.0
阿美深海鮮魚湯,價格,43.0
阿美深海鮮魚湯,海鮮,38.0
阿美深海鮮魚湯,口味,29.0
阿美深海鮮魚湯,態度,25.0
阿美深海鮮魚湯,蝦捲,24.0
阿美深海鮮魚湯,處女蟳,24.0
阿美深海鮮魚湯,沙公,23.0
阿美深海鮮魚湯,環境,20.0
阿美深海鮮魚湯,店家,20.0
阿美深海鮮魚湯,價錢,18.0
阿美深海鮮魚湯,紅蟳,18.0
阿美深海鮮魚湯,食材,17.0
阿美深海鮮魚湯,感覺,17.0
阿美深海鮮魚湯,湯頭,16.0
阿美深海鮮魚湯,老闆娘,16.0
阿美深海鮮魚湯,現點,15.0
阿美深海鮮魚湯,東西,15.0
糧戶食堂--虎山店 無菜單料理預約制,價格,19.0
糧戶食堂--虎山店 無菜單料理預約制,老闆,15.0
糧戶食堂--虎山店 無菜單料理預約制,套餐,13.0
糧戶食堂--虎山店 無菜單料理預約制,感覺,11.0
糧戶食堂--虎山店 無菜單料理預約制,餐點,9.0
糧戶食堂--虎山店 無菜單料理預約制,菜單,8.0
糧戶食堂--虎山店 無菜單料理預約制,客人,8.0
糧戶食堂--虎山店 無菜單料理預約制,古早味,6.0
糧戶食堂--虎山店 無菜單料理預約制,牛肉麵,6.0
糧戶食堂--虎山店 無菜單料理預約制,份量,6.0
糧戶食堂--虎山店 無菜單料理預約制,環境,6.0
糧戶食堂--虎山店 無菜單料理預約制,牛肉,6.0
糧戶食堂--虎山店 無菜單料理預約制,魚丸湯,6.0
糧戶食堂--虎山店 無菜單料理預約制,東西,5.0
糧戶食堂--虎山店 無菜單料理預約制,價位,5.0
糧戶食堂--虎山店 無菜單料理預約制,特色,5.0
糧戶食堂--虎山店 無菜單料理預約制,食材,5.0
糧戶食堂--虎山店 無菜單料理預約制,味道,5.0
糧戶食堂--虎山店 無菜單料理預約制,紅茶,4.0
糧戶食堂--虎山店 無菜單料理預約制,軟骨飯,4.0
安平貴記美食文化館,小吃,61.0
安平貴記美食文化館,環境,28.0
安平貴記美食文化館,冷氣,22.0
安平貴記美食文化館,美食,21.0
安平貴記美食文化館,蚵仔,21.0
安平貴記美食文化館,東西,19.0
安平貴記美食文化館,肉圓,18.0
安平貴記美食文化館,餐點,15.0
安平貴記美食文化館,口味,14.0
安平貴記美食文化館,空間,14.0
安平貴記美食文化館,味道,13.0
安平貴記美食文化館,蝦捲,13.0
安平貴記美食文化館,米糕,11.0
安平貴記美食文化館,芋粿,11.0
安平貴記美食文化館,套餐,10.0
安平貴記美食文化館,食物,10.0
安平貴記美食文化館,價格,10.0
安平貴記美食文化館,店家,9.0
安平貴記美食文化館,態度,9.0
安平貴記美食文化館,蝦仁,9.0
楊哥楊嫂肉粽店,肉粽,74.0
楊哥楊嫂肉粽店,粽子,36.0
楊哥楊嫂肉粽店,價格,23.0
楊哥楊嫂肉粽店,口味,17.0
楊哥楊嫂肉粽店,噌湯,15.0
楊哥楊嫂肉粽店,菜粽,15.0
楊哥楊嫂肉粽店,東西,14.0
楊哥楊嫂肉粽店,店家,13.0
楊哥楊嫂肉粽店,狀元粽,12.0
楊哥楊嫂肉粽店,味道,12.0
楊哥楊嫂肉粽店,蛋黃,9.0
楊哥楊嫂肉粽店,糯米,9.0
楊哥楊嫂肉粽店,店員,8.0
楊哥楊嫂肉粽店,小吃,7.0
楊哥楊嫂肉粽店,香菇,7.0
楊哥楊嫂肉粽店,用料,7.0
楊哥楊嫂肉粽店,態度,7.0
楊哥楊嫂肉粽店,餐點,6.0
楊哥楊嫂肉粽店,感覺,6.0
楊哥楊嫂肉粽店,燒肉飯,6.0
阿娟咖哩飯鴨肉羹,咖哩飯,165.0
阿娟咖哩飯鴨肉羹,鴨肉,100.0
阿娟咖哩飯鴨肉羹,鴨肉飯,72.0
阿娟咖哩飯鴨肉羹,鴨肉羹,71.0
阿娟咖哩飯鴨肉羹,咖哩,63.0
阿娟咖哩飯鴨肉羹,味道,61.0
阿娟咖哩飯鴨肉羹,口味,51.0
阿娟咖哩飯鴨肉羹,當歸,47.0
阿娟咖哩飯鴨肉羹,香菇,46.0
阿娟咖哩飯鴨肉羹,咖喱飯,40.0
阿娟咖哩飯鴨肉羹,湯頭,31.0
阿娟咖哩飯鴨肉羹,米血,31.0
阿娟咖哩飯鴨肉羹,份量,30.0
阿娟咖哩飯鴨肉羹,雞肉飯,29.0
阿娟咖哩飯鴨肉羹,肉飯,26.0
阿娟咖哩飯鴨肉羹,價格,22.0
阿娟咖哩飯鴨肉羹,麵線,19.0
阿娟咖哩飯鴨肉羹,下水湯,18.0
阿娟咖哩飯鴨肉羹,餐點,18.0
阿娟咖哩飯鴨肉羹,東西,16.0
度小月擔仔麵 中正旗艦店|台南小吃|台南美食|特色小吃,擔仔麵,186.0
度小月擔仔麵 中正旗艦店|台南小吃|台南美食|特色小吃,味道,113.0
度小月擔仔麵 中正旗艦店|台南小吃|台南美食|特色小吃,口味,89.0
度小月擔仔麵 中正旗艦店|台南小吃|台南美食|特色小吃,小吃,77.0
度小月擔仔麵 中正旗艦店|台南小吃|台南美食|特色小吃,環境,77.0
度小月擔仔麵 中正旗艦店|台南小吃|台南美食|特色小吃,價格,68.0
度小月擔仔麵 中正旗艦店|台南小吃|台南美食|特色小吃,份量,66.0
度小月擔仔麵 中正旗艦店|台南小吃|台南美食|特色小吃,東西,63.0
度小月擔仔麵 中正旗艦店|台南小吃|台南美食|特色小吃,餐點,59.0
度小月擔仔麵 中正旗艦店|台南小吃|台南美食|特色小吃,態度,44.0
度小月擔仔麵 中正旗艦店|台南小吃|台南美食|特色小吃,菜色,42.0
度小月擔仔麵 中正旗艦店|台南小吃|台南美食|特色小吃,人員,42.0
度小月擔仔麵 中正旗艦店|台南小吃|台南美食|特色小吃,價位,41.0
度小月擔仔麵 中正旗艦店|台南小吃|台南美食|特色小吃,裝潢,35.0
度小月擔仔麵 中正旗艦店|台南小吃|台南美食|特色小吃,服務費,33.0
度小月擔仔麵 中正旗艦店|台南小吃|台南美食|特色小吃,觀光客,31.0
度小月擔仔麵 中正旗艦店|台南小吃|台南美食|特色小吃,特色,30.0
度小月擔仔麵 中正旗艦店|台南小吃|台南美食|特色小吃,價錢,29.0
度小月擔仔麵 中正旗艦店|台南小吃|台南美食|特色小吃,客人,29.0
度小月擔仔麵 中正旗艦店|台南小吃|台南美食|特色小吃,肉燥,27.0
小巷裡的拾壹號,咖啡,113.0
小巷裡的拾壹號,餐點,106.0
小巷裡的拾壹號,早午餐,87.0
小巷裡的拾壹號,老闆,64.0
小巷裡的拾壹號,甜點,57.0
小巷裡的拾壹號,環境,46.0
小巷裡的拾壹號,店家,43.0
小巷裡的拾壹號,蛋糕,42.0
小巷裡的拾壹號,麵包,40.0
小巷裡的拾壹號,飲料,31.0
小巷裡的拾壹號,氣氛,31.0
小巷裡的拾壹號,乳酪,31.0
小巷裡的拾壹號,空間,28.0
小巷裡的拾壹號,伯爵,27.0
小巷裡的拾壹號,地方,23.0
小巷裡的拾壹號,沙拉,23.0
小巷裡的拾壹號,東西,22.0
小巷裡的拾壹號,朋友,22.0
小巷裡的拾壹號,份量,21.0
小巷裡的拾壹號,小店,21.0
1010 Hunan Cuisine,口味,55.0
1010 Hunan Cuisine,人員,35.0
1010 Hunan Cuisine,餐點,32.0
1010 Hunan Cuisine,味道,31.0
1010 Hunan Cuisine,菜色,27.0
1010 Hunan Cuisine,白飯,24.0
1010 Hunan Cuisine,態度,23.0
1010 Hunan Cuisine,套餐,20.0
1010 Hunan Cuisine,價格,18.0
1010 Hunan Cuisine,價位,17.0
1010 Hunan Cuisine,湘菜,16.0
1010 Hunan Cuisine,牛肉,15.0
1010 Hunan Cuisine,料理,13.0
1010 Hunan Cuisine,整體,13.0
1010 Hunan Cuisine,客人,13.0
1010 Hunan Cuisine,甜點,12.0
1010 Hunan Cuisine,肥腸,12.0
1010 Hunan Cuisine,小姐,12.0
1010 Hunan Cuisine,品質,11.0
1010 Hunan Cuisine,年糕,10.0
有緣素食快炒,素食,15.0
有緣素食快炒,老闆,12.0
有緣素食快炒,炒飯,11.0
有緣素食快炒,老闆娘,8.0
有緣素食快炒,東西,7.0
有緣素食快炒,餐點,7.0
有緣素食快炒,料理,5.0
有緣素食快炒,食物,5.0
有緣素食快炒,辣椒,5.0
有緣素食快炒,紅燒麵,4.0
有緣素食快炒,口味,4.0
有緣素食快炒,平價,4.0
有緣素食快炒,紅茶,4.0
有緣素食快炒,用料,3.0
有緣素食快炒,態度,3.0
有緣素食快炒,招牌,3.0
有緣素食快炒,生米,3.0
有緣素食快炒,時間,3.0
有緣素食快炒,環境,3.0
有緣素食快炒,湯麵,3.0
Overseas Dragon,鍋貼,20.0
Overseas Dragon,態度,17.0
Overseas Dragon,水餃,13.0
Overseas Dragon,老闆,12.0
Overseas Dragon,紅茶,10.0
Overseas Dragon,東西,9.0
Overseas Dragon,味道,9.0
Overseas Dragon,口味,8.0
Overseas Dragon,電話,7.0
Overseas Dragon,店員,7.0
Overseas Dragon,酸辣湯,6.0
Overseas Dragon,環境,6.0
Overseas Dragon,感覺,5.0
Overseas Dragon,時間,4.0
Overseas Dragon,店家,4.0
Overseas Dragon,冷氣,4.0
Overseas Dragon,辣味,4.0
Overseas Dragon,價格,3.0
Overseas Dragon,阿姨,3.0
Overseas Dragon,空間,3.0
A SHA Tainan Main Restaurant,米糕,353.0
A SHA Tainan Main Restaurant,紅蟳,302.0
A SHA Tainan Main Restaurant,菜色,140.0
A SHA Tainan Main Restaurant,口味,127.0
A SHA Tainan Main Restaurant,阿霞,118.0
A SHA Tainan Main Restaurant,鱔魚,113.0
A SHA Tainan Main Restaurant,味道,103.0
A SHA Tainan Main Restaurant,餐點,100.0
A SHA Tainan Main Restaurant,套餐,90.0
A SHA Tainan Main Restaurant,人員,88.0
A SHA Tainan Main Restaurant,甜湯,86.0
A SHA Tainan Main Restaurant,料理,82.0
A SHA Tainan Main Restaurant,烏魚子,73.0
A SHA Tainan Main Restaurant,古早味,68.0
A SHA Tainan Main Restaurant,價格,63.0
A SHA Tainan Main Restaurant,態度,63.0
A SHA Tainan Main Restaurant,招牌,60.0
A SHA Tainan Main Restaurant,經典,59.0
A SHA Tainan Main Restaurant,美食,58.0
A SHA Tainan Main Restaurant,份量,49.0
食味三千｜安平美食｜義大利麵｜燉飯｜鹹派,義大利麵,33.0
食味三千｜安平美食｜義大利麵｜燉飯｜鹹派,味道,19.0
食味三千｜安平美食｜義大利麵｜燉飯｜鹹派,濃湯,19.0
食味三千｜安平美食｜義大利麵｜燉飯｜鹹派,海鮮,18.0
食味三千｜安平美食｜義大利麵｜燉飯｜鹹派,甜點,16.0
食味三千｜安平美食｜義大利麵｜燉飯｜鹹派,燉飯,15.0
食味三千｜安平美食｜義大利麵｜燉飯｜鹹派,奶酪,13.0
食味三千｜安平美食｜義大利麵｜燉飯｜鹹派,餐點,13.0
食味三千｜安平美食｜義大利麵｜燉飯｜鹹派,份量,11.0
食味三千｜安平美食｜義大利麵｜燉飯｜鹹派,用料,9.0
食味三千｜安平美食｜義大利麵｜燉飯｜鹹派,料理,9.0
食味三千｜安平美食｜義大利麵｜燉飯｜鹹派,口感,8.0
食味三千｜安平美食｜義大利麵｜燉飯｜鹹派,美食,8.0
食味三千｜安平美食｜義大利麵｜燉飯｜鹹派,口味,8.0
食味三千｜安平美食｜義大利麵｜燉飯｜鹹派,老闆,7.0
食味三千｜安平美食｜義大利麵｜燉飯｜鹹派,套餐,7.0
食味三千｜安平美食｜義大利麵｜燉飯｜鹹派,巷弄,7.0
食味三千｜安平美食｜義大利麵｜燉飯｜鹹派,朋友,7.0
食味三千｜安平美食｜義大利麵｜燉飯｜鹹派,布丁,7.0
食味三千｜安平美食｜義大利麵｜燉飯｜鹹派,鹹派,6.0
卡加米亞casamia cafe,餐點,74.0
卡加米亞casamia cafe,早午餐,70.0
卡加米亞casamia cafe,咖啡,51.0
卡加米亞casamia cafe,沙拉,43.0
卡加米亞casamia cafe,環境,32.0
卡加米亞casamia cafe,紅茶,32.0
卡加米亞casamia cafe,份量,32.0
卡加米亞casamia cafe,三明治,27.0
卡加米亞casamia cafe,水果,26.0
卡加米亞casamia cafe,老屋,23.0
卡加米亞casamia cafe,味道,22.0
卡加米亞casamia cafe,飲料,21.0
卡加米亞casamia cafe,吐司,18.0
卡加米亞casamia cafe,經典,17.0
卡加米亞casamia cafe,氣氛,16.0
卡加米亞casamia cafe,生菜,16.0
卡加米亞casamia cafe,空間,15.0
卡加米亞casamia cafe,優格,15.0
卡加米亞casamia cafe,東西,14.0
卡加米亞casamia cafe,奇亞籽,14.0
麻豆助碗粿,碗粿,22.0
麻豆助碗粿,老闆,6.0
麻豆助碗粿,口味,5.0
麻豆助碗粿,味道,5.0
麻豆助碗粿,口感,4.0
麻豆助碗粿,價格,4.0
麻豆助碗粿,東西,4.0
麻豆助碗粿,老闆娘,4.0
麻豆助碗粿,美食,3.0
麻豆助碗粿,蒜泥,3.0
麻豆助碗粿,小吃,3.0
麻豆助碗粿,豬油,3.0
麻豆助碗粿,肉羹,3.0
麻豆助碗粿,消費,3.0
麻豆助碗粿,感覺,2.0
麻豆助碗粿,醬料,2.0
麻豆助碗粿,阿喬師,2.0
麻豆助碗粿,水粄粥,2.0
麻豆助碗粿,助碗粿,2.0
麻豆助碗粿,整體,2.0
廣東沙茶爐夏林店,湯頭,66.0
廣東沙茶爐夏林店,價格,29.0
廣東沙茶爐夏林店,沙茶醬,22.0
廣東沙茶爐夏林店,沙茶,21.0
廣東沙茶爐夏林店,火鍋,16.0
廣東沙茶爐夏林店,食材,15.0
廣東沙茶爐夏林店,平價,13.0
廣東沙茶爐夏林店,味道,13.0
廣東沙茶爐夏林店,沙茶爐,10.0
廣東沙茶爐夏林店,態度,10.0
廣東沙茶爐夏林店,扁魚,8.0
廣東沙茶爐夏林店,口味,8.0
廣東沙茶爐夏林店,cp值,7.0
廣東沙茶爐夏林店,價位,7.0
廣東沙茶爐夏林店,老闆,6.0
廣東沙茶爐夏林店,火鍋料,6.0
廣東沙茶爐夏林店,豬肉,6.0
廣東沙茶爐夏林店,手工,5.0
廣東沙茶爐夏林店,魷魚,5.0
廣東沙茶爐夏林店,豬肝,5.0
橋北屋日本家庭料理-忠義店,炸雞,115.0
橋北屋日本家庭料理-忠義店,餐點,71.0
橋北屋日本家庭料理-忠義店,定食,70.0
橋北屋日本家庭料理-忠義店,環境,69.0
橋北屋日本家庭料理-忠義店,唐揚雞,65.0
橋北屋日本家庭料理-忠義店,價格,57.0
橋北屋日本家庭料理-忠義店,唐揚,51.0
橋北屋日本家庭料理-忠義店,平價,50.0
橋北屋日本家庭料理-忠義店,白飯,34.0
橋北屋日本家庭料理-忠義店,料理,33.0
橋北屋日本家庭料理-忠義店,咖哩,31.0
橋北屋日本家庭料理-忠義店,味道,29.0
橋北屋日本家庭料理-忠義店,口味,29.0
橋北屋日本家庭料理-忠義店,菜絲,27.0
橋北屋日本家庭料理-忠義店,份量,27.0
橋北屋日本家庭料理-忠義店,價位,26.0
橋北屋日本家庭料理-忠義店,cp值,22.0
橋北屋日本家庭料理-忠義店,東西,21.0
橋北屋日本家庭料理-忠義店,空間,20.0
橋北屋日本家庭料理-忠義店,家庭,20.0
吳家肉燥飯,鴨肉飯,15.0
吳家肉燥飯,鴨肉,8.0
吳家肉燥飯,奇美,6.0
吳家肉燥飯,老闆娘,6.0
吳家肉燥飯,價格,6.0
吳家肉燥飯,魚腸,5.0
吳家肉燥飯,青菜,5.0
吳家肉燥飯,餐點,4.0
吳家肉燥飯,東西,4.0
吳家肉燥飯,美食,3.0
吳家肉燥飯,炒飯,3.0
吳家肉燥飯,食物,3.0
吳家肉燥飯,十鼓,2.0
吳家肉燥飯,午餐,2.0
吳家肉燥飯,份量,2.0
吳家肉燥飯,店家,2.0
吳家肉燥飯,蚵仔湯,2.0
吳家肉燥飯,蚵仔,2.0
吳家肉燥飯,老闆,2.0
吳家肉燥飯,蛋花湯,2.0
保哥黑輪,泡麵,647.0
保哥黑輪,黑輪,155.0
保哥黑輪,味道,141.0
保哥黑輪,東西,49.0
保哥黑輪,口味,45.0
保哥黑輪,價格,36.0
保哥黑輪,統一,32.0
保哥黑輪,環境,30.0
保哥黑輪,美食,30.0
保哥黑輪,客人,29.0
保哥黑輪,肉燥麵,28.0
保哥黑輪,位置,28.0
保哥黑輪,店家,28.0
保哥黑輪,時間,27.0
保哥黑輪,保哥,26.0
保哥黑輪,鮮奶,26.0
保哥黑輪,店員,26.0
保哥黑輪,空間,25.0
保哥黑輪,冬瓜,24.0
保哥黑輪,份量,24.0
美鳳油飯,油飯,66.0
美鳳油飯,味道,10.0
美鳳油飯,雞腿,9.0
美鳳油飯,芋丸,8.0
美鳳油飯,口味,8.0
美鳳油飯,老闆娘,6.0
美鳳油飯,古早味,6.0
美鳳油飯,米糕,4.0
美鳳油飯,口感,4.0
美鳳油飯,碗粿,4.0
美鳳油飯,老闆,4.0
美鳳油飯,員工,4.0
美鳳油飯,配料,3.0
美鳳油飯,香菜,3.0
美鳳油飯,紅茶,3.0
美鳳油飯,素食,3.0
美鳳油飯,人情味,3.0
美鳳油飯,價格,3.0
美鳳油飯,油飯料,3.0
美鳳油飯,香草味,3.0
四季小館,豬腳,10.0
四季小館,口味,9.0
四季小館,菜色,8.0
四季小館,價格,7.0
四季小館,味道,6.0
四季小館,東西,5.0
四季小館,份量,4.0
四季小館,環境,3.0
四季小館,口感,3.0
四季小館,家庭,3.0
四季小館,餐點,3.0
四季小館,宮保,3.0
四季小館,銀絲卷,3.0
四季小館,正比,2.0
四季小館,銀絲捲,2.0
四季小館,麻婆,2.0
四季小館,豆腐,2.0
四季小館,蝦仁,2.0
四季小館,四季豆,2.0
四季小館,人數,2.0
Six Thousand Beef Soup,牛肉湯,897.0
Six Thousand Beef Soup,湯頭,498.0
Six Thousand Beef Soup,牛肉,484.0
Six Thousand Beef Soup,號碼牌,383.0
Six Thousand Beef Soup,味道,186.0
Six Thousand Beef Soup,小時,170.0
Six Thousand Beef Soup,肉質,135.0
Six Thousand Beef Soup,時間,124.0
Six Thousand Beef Soup,牛腩湯,122.0
Six Thousand Beef Soup,白飯,120.0
Six Thousand Beef Soup,口味,89.0
Six Thousand Beef Soup,店家,89.0
Six Thousand Beef Soup,牛腩,84.0
Six Thousand Beef Soup,口感,75.0
Six Thousand Beef Soup,態度,69.0
Six Thousand Beef Soup,時候,62.0
Six Thousand Beef Soup,老闆,61.0
Six Thousand Beef Soup,美食,60.0
Six Thousand Beef Soup,早餐,53.0
Six Thousand Beef Soup,客人,52.0
黃家鱔魚意麵,鱔魚,858.0
黃家鱔魚意麵,意麵,545.0
黃家鱔魚意麵,口味,192.0
黃家鱔魚意麵,味道,178.0
黃家鱔魚意麵,米糕,159.0
黃家鱔魚意麵,花枝,81.0
黃家鱔魚意麵,口感,74.0
黃家鱔魚意麵,份量,62.0
黃家鱔魚意麵,店家,57.0
黃家鱔魚意麵,鱔魚麵,51.0
黃家鱔魚意麵,美食,48.0
黃家鱔魚意麵,環境,46.0
黃家鱔魚意麵,醬汁,40.0
黃家鱔魚意麵,生意,40.0
黃家鱔魚意麵,價格,37.0
黃家鱔魚意麵,鍋氣,34.0
黃家鱔魚意麵,客人,32.0
黃家鱔魚意麵,整體,32.0
黃家鱔魚意麵,態度,30.0
黃家鱔魚意麵,人潮,29.0
台南度小月担仔面,味道,58.0
台南度小月担仔面,價格,52.0
台南度小月担仔面,份量,48.0
台南度小月担仔面,口味,43.0
台南度小月担仔面,擔仔麵,37.0
台南度小月担仔面,觀光客,27.0
台南度小月担仔面,湯頭,24.0
台南度小月担仔面,肉燥,23.0
台南度小月担仔面,東西,20.0
台南度小月担仔面,滷蛋,20.0
台南度小月担仔面,價錢,19.0
台南度小月担仔面,態度,17.0
台南度小月担仔面,鐵蛋,14.0
台南度小月担仔面,感覺,13.0
台南度小月担仔面,價位,12.0
台南度小月担仔面,魯蛋,10.0
台南度小月担仔面,環境,10.0
台南度小月担仔面,招牌,9.0
台南度小月担仔面,美食,8.0
台南度小月担仔面,丸子,8.0
永記虱目魚丸,肉燥飯,171.0
永記虱目魚丸,燥飯,157.0
永記虱目魚丸,味道,138.0
永記虱目魚丸,魚皮,107.0
永記虱目魚丸,魚丸湯,100.0
永記虱目魚丸,湯頭,98.0
永記虱目魚丸,永記,98.0
永記虱目魚丸,魚丸,96.0
永記虱目魚丸,環境,93.0
永記虱目魚丸,口味,82.0
永記虱目魚丸,滷肉飯,81.0
永記虱目魚丸,魚肚,80.0
永記虱目魚丸,價格,71.0
永記虱目魚丸,綜合湯,70.0
永記虱目魚丸,香菜,66.0
永記虱目魚丸,油條,63.0
永記虱目魚丸,早餐,62.0
永記虱目魚丸,口感,62.0
永記虱目魚丸,東西,61.0
永記虱目魚丸,店家,61.0
Gomix,餐點,44.0
Gomix,飲料,19.0
Gomix,味道,16.0
Gomix,環境,13.0
Gomix,空間,12.0
Gomix,甜點,12.0
Gomix,椒麻雞,11.0
Gomix,口味,11.0
Gomix,燉飯,10.0
Gomix,價格,10.0
Gomix,海鮮,9.0
Gomix,義大利麵,8.0
Gomix,東西,8.0
Gomix,店家,6.0
Gomix,地方,6.0
Gomix,口感,6.0
Gomix,店員,6.0
Gomix,豬排,5.0
Gomix,起司,5.0
Gomix,菜單,5.0
松村煙燻滷味,鴨翅,166.0
松村煙燻滷味,滷味,115.0
松村煙燻滷味,味道,108.0
松村煙燻滷味,口味,56.0
松村煙燻滷味,煙燻味,48.0
松村煙燻滷味,滷蛋,46.0
松村煙燻滷味,米血,43.0
松村煙燻滷味,雞腳,41.0
松村煙燻滷味,東西,35.0
松村煙燻滷味,雞翅,34.0
松村煙燻滷味,豆腐,32.0
松村煙燻滷味,豆干,28.0
松村煙燻滷味,伴手禮,26.0
松村煙燻滷味,杏鮑菇,24.0
松村煙燻滷味,朋友,24.0
松村煙燻滷味,口感,22.0
松村煙燻滷味,豆乾,22.0
松村煙燻滷味,松村,22.0
松村煙燻滷味,店家,22.0
松村煙燻滷味,伴手,21.0
辰品狀元炒飯專賣店,炒飯,64.0
辰品狀元炒飯專賣店,老闆,17.0
辰品狀元炒飯專賣店,蝦仁,6.0
辰品狀元炒飯專賣店,種類,5.0
辰品狀元炒飯專賣店,平價,5.0
辰品狀元炒飯專賣店,口味,5.0
辰品狀元炒飯專賣店,口感,5.0
辰品狀元炒飯專賣店,紅茶,4.0
辰品狀元炒飯專賣店,老闆娘,4.0
辰品狀元炒飯專賣店,鍋氣,4.0
辰品狀元炒飯專賣店,孩子,4.0
辰品狀元炒飯專賣店,古早味,3.0
辰品狀元炒飯專賣店,cp值,3.0
辰品狀元炒飯專賣店,豬肉,3.0
辰品狀元炒飯專賣店,蝦子,3.0
辰品狀元炒飯專賣店,份量,3.0
辰品狀元炒飯專賣店,選擇,2.0
辰品狀元炒飯專賣店,價格,2.0
辰品狀元炒飯專賣店,專家,2.0
辰品狀元炒飯專賣店,香氣,2.0
沛里歐早午餐鬆餅咖啡館(店休日請看FBIG),餐點,17.0
沛里歐早午餐鬆餅咖啡館(店休日請看FBIG),老闆娘,13.0
沛里歐早午餐鬆餅咖啡館(店休日請看FBIG),老闆,12.0
沛里歐早午餐鬆餅咖啡館(店休日請看FBIG),鬆餅,7.0
沛里歐早午餐鬆餅咖啡館(店休日請看FBIG),價格,7.0
沛里歐早午餐鬆餅咖啡館(店休日請看FBIG),套餐,6.0
沛里歐早午餐鬆餅咖啡館(店休日請看FBIG),客人,6.0
沛里歐早午餐鬆餅咖啡館(店休日請看FBIG),環境,5.0
沛里歐早午餐鬆餅咖啡館(店休日請看FBIG),咖啡,5.0
沛里歐早午餐鬆餅咖啡館(店休日請看FBIG),料理,5.0
沛里歐早午餐鬆餅咖啡館(店休日請看FBIG),板娘,5.0
沛里歐早午餐鬆餅咖啡館(店休日請看FBIG),地方,4.0
沛里歐早午餐鬆餅咖啡館(店休日請看FBIG),氣氛,4.0
沛里歐早午餐鬆餅咖啡館(店休日請看FBIG),cp值,4.0
沛里歐早午餐鬆餅咖啡館(店休日請看FBIG),濃湯,4.0
沛里歐早午餐鬆餅咖啡館(店休日請看FBIG),時間,4.0
沛里歐早午餐鬆餅咖啡館(店休日請看FBIG),夫妻,3.0
沛里歐早午餐鬆餅咖啡館(店休日請看FBIG),感覺,3.0
沛里歐早午餐鬆餅咖啡館(店休日請看FBIG),平價,3.0
沛里歐早午餐鬆餅咖啡館(店休日請看FBIG),早午餐,3.0
秋收炭烤,環境,141.0
秋收炭烤,東西,105.0
秋收炭烤,價格,74.0
秋收炭烤,特色,59.0
秋收炭烤,食物,49.0
秋收炭烤,味道,43.0
秋收炭烤,態度,42.0
秋收炭烤,裝潢,38.0
秋收炭烤,食材,36.0
秋收炭烤,朋友,36.0
秋收炭烤,地方,35.0
秋收炭烤,感覺,34.0
秋收炭烤,氣氛,33.0
秋收炭烤,口味,32.0
秋收炭烤,餐點,31.0
秋收炭烤,店員,27.0
秋收炭烤,小時,25.0
秋收炭烤,店家,24.0
秋收炭烤,客人,23.0
秋收炭烤,迷宮,17.0
周氏蝦捲(創始店),蝦捲,373.0
周氏蝦捲(創始店),蝦卷,109.0
周氏蝦捲(創始店),味道,91.0
周氏蝦捲(創始店),態度,80.0
周氏蝦捲(創始店),價格,72.0
周氏蝦捲(創始店),海鮮派,61.0
周氏蝦捲(創始店),口味,46.0
周氏蝦捲(創始店),店員,45.0
周氏蝦捲(創始店),餐點,45.0
周氏蝦捲(創始店),東西,42.0
周氏蝦捲(創始店),人員,40.0
周氏蝦捲(創始店),客人,39.0
周氏蝦捲(創始店),環境,39.0
周氏蝦捲(創始店),感覺,39.0
周氏蝦捲(創始店),小吃,38.0
周氏蝦捲(創始店),擔仔麵,35.0
周氏蝦捲(創始店),周氏,31.0
周氏蝦捲(創始店),品質,28.0
周氏蝦捲(創始店),食物,27.0
周氏蝦捲(創始店),店家,25.0
八峰亭,拉麵,332.0
八峰亭,湯頭,215.0
八峰亭,口味,133.0
八峰亭,叉燒,126.0
八峰亭,麵條,112.0
八峰亭,豚骨,80.0
八峰亭,味道,65.0
八峰亭,口感,50.0
八峰亭,店員,43.0
八峰亭,整體,41.0
八峰亭,店家,37.0
八峰亭,份量,34.0
八峰亭,態度,33.0
八峰亭,價格,33.0
八峰亭,位置,33.0
八峰亭,背脂,33.0
八峰亭,硬度,33.0
八峰亭,老闆,32.0
八峰亭,叉燒肉,30.0
八峰亭,座位,30.0
早安山丘（仁德保安）,餐點,24.0
早安山丘（仁德保安）,飲料,20.0
早安山丘（仁德保安）,員工,16.0
早安山丘（仁德保安）,態度,13.0
早安山丘（仁德保安）,客人,13.0
早安山丘（仁德保安）,口罩,13.0
早安山丘（仁德保安）,蛋餅,12.0
早安山丘（仁德保安）,店員,11.0
早安山丘（仁德保安）,速度,11.0
早安山丘（仁德保安）,奶茶,10.0
早安山丘（仁德保安）,電話,8.0
早安山丘（仁德保安）,結果,8.0
早安山丘（仁德保安）,東西,8.0
早安山丘（仁德保安）,冰塊,8.0
早安山丘（仁德保安）,早餐,7.0
早安山丘（仁德保安）,漢堡,7.0
早安山丘（仁德保安）,動作,7.0
早安山丘（仁德保安）,人員,7.0
早安山丘（仁德保安）,衛生,7.0
早安山丘（仁德保安）,時候,6.0
賀串燒,老闆,14.0
賀串燒,東西,12.0
賀串燒,地方,10.0
賀串燒,氣氛,9.0
賀串燒,小店,6.0
賀串燒,湯頭,6.0
賀串燒,態度,6.0
賀串燒,食材,5.0
賀串燒,平價,5.0
賀串燒,價格,5.0
賀串燒,飯糰,5.0
賀串燒,朋友,4.0
賀串燒,老闆人,4.0
賀串燒,牛肉串,4.0
賀串燒,味道,4.0
賀串燒,品質,3.0
賀串燒,豬肉,3.0
賀串燒,啤酒,3.0
賀串燒,豆乳雞,3.0
賀串燒,串燒,3.0
好麵道拉麵工坊,拉麵,33.0
好麵道拉麵工坊,價格,15.0
好麵道拉麵工坊,湯頭,14.0
好麵道拉麵工坊,餐點,12.0
好麵道拉麵工坊,飲料,12.0
好麵道拉麵工坊,平價,12.0
好麵道拉麵工坊,韓式,11.0
好麵道拉麵工坊,cp值,11.0
好麵道拉麵工坊,份量,10.0
好麵道拉麵工坊,味道,9.0
好麵道拉麵工坊,雞排,6.0
好麵道拉麵工坊,燴飯,6.0
好麵道拉麵工坊,環境,6.0
好麵道拉麵工坊,老闆,6.0
好麵道拉麵工坊,起司,6.0
好麵道拉麵工坊,叉燒,5.0
好麵道拉麵工坊,泡菜,5.0
好麵道拉麵工坊,薯條,5.0
好麵道拉麵工坊,套餐,5.0
好麵道拉麵工坊,食物,4.0
宜華蛋餅（麻豆興中店）,蛋餅,47.0
宜華蛋餅（麻豆興中店）,店員,13.0
宜華蛋餅（麻豆興中店）,態度,10.0
宜華蛋餅（麻豆興中店）,客人,7.0
宜華蛋餅（麻豆興中店）,時間,5.0
宜華蛋餅（麻豆興中店）,奶茶,5.0
宜華蛋餅（麻豆興中店）,員工,4.0
宜華蛋餅（麻豆興中店）,紅茶,4.0
宜華蛋餅（麻豆興中店）,餐點,4.0
宜華蛋餅（麻豆興中店）,起司,4.0
宜華蛋餅（麻豆興中店）,餅皮,3.0
宜華蛋餅（麻豆興中店）,動作,3.0
宜華蛋餅（麻豆興中店）,動線,3.0
宜華蛋餅（麻豆興中店）,速度,3.0
宜華蛋餅（麻豆興中店）,丹丹,3.0
宜華蛋餅（麻豆興中店）,人員,3.0
宜華蛋餅（麻豆興中店）,環境,3.0
宜華蛋餅（麻豆興中店）,粉漿,3.0
宜華蛋餅（麻豆興中店）,小時,2.0
宜華蛋餅（麻豆興中店）,泡麵,2.0
日月禪食養生蔬食館,老闆,28.0
日月禪食養生蔬食館,餐點,20.0
日月禪食養生蔬食館,食材,18.0
日月禪食養生蔬食館,火鍋,14.0
日月禪食養生蔬食館,天貝,14.0
日月禪食養生蔬食館,湯頭,12.0
日月禪食養生蔬食館,環境,12.0
日月禪食養生蔬食館,南瓜,11.0
日月禪食養生蔬食館,味道,10.0
日月禪食養生蔬食館,豆漿,10.0
日月禪食養生蔬食館,綠咖哩,10.0
日月禪食養生蔬食館,素食,8.0
日月禪食養生蔬食館,蔬食,8.0
日月禪食養生蔬食館,食物,7.0
日月禪食養生蔬食館,料理,7.0
日月禪食養生蔬食館,店家,6.0
日月禪食養生蔬食館,用料,5.0
日月禪食養生蔬食館,份量,5.0
日月禪食養生蔬食館,口感,5.0
日月禪食養生蔬食館,口味,4.0
蘋果森林休閒餐飲,餐點,42.0
蘋果森林休閒餐飲,環境,25.0
蘋果森林休閒餐飲,東西,9.0
蘋果森林休閒餐飲,空間,8.0
蘋果森林休閒餐飲,價位,8.0
蘋果森林休閒餐飲,價格,7.0
蘋果森林休閒餐飲,份量,6.0
蘋果森林休閒餐飲,停車位,6.0
蘋果森林休閒餐飲,甜點,6.0
蘋果森林休閒餐飲,朋友,5.0
蘋果森林休閒餐飲,人員,5.0
蘋果森林休閒餐飲,沙拉,5.0
蘋果森林休閒餐飲,排餐,4.0
蘋果森林休閒餐飲,整體,4.0
蘋果森林休閒餐飲,牛排,4.0
蘋果森林休閒餐飲,濃湯,4.0
蘋果森林休閒餐飲,氣氛,4.0
蘋果森林休閒餐飲,家人,4.0
蘋果森林休閒餐飲,食物,4.0
蘋果森林休閒餐飲,地方,4.0
夏慕尼新香榭鉄板燒台南公園南店,餐點,220.0
夏慕尼新香榭鉄板燒台南公園南店,炒飯,107.0
夏慕尼新香榭鉄板燒台南公園南店,甜點,96.0
夏慕尼新香榭鉄板燒台南公園南店,人員,93.0
夏慕尼新香榭鉄板燒台南公園南店,麵包,77.0
夏慕尼新香榭鉄板燒台南公園南店,態度,73.0
夏慕尼新香榭鉄板燒台南公園南店,氣氛,67.0
夏慕尼新香榭鉄板燒台南公園南店,環境,62.0
夏慕尼新香榭鉄板燒台南公園南店,櫻花蝦,61.0
夏慕尼新香榭鉄板燒台南公園南店,料理,61.0
夏慕尼新香榭鉄板燒台南公園南店,主餐,59.0
夏慕尼新香榭鉄板燒台南公園南店,食物,50.0
夏慕尼新香榭鉄板燒台南公園南店,客人,50.0
夏慕尼新香榭鉄板燒台南公園南店,王品,49.0
夏慕尼新香榭鉄板燒台南公園南店,主廚,47.0
夏慕尼新香榭鉄板燒台南公園南店,東西,43.0
夏慕尼新香榭鉄板燒台南公園南店,食材,43.0
夏慕尼新香榭鉄板燒台南公園南店,廚師,42.0
夏慕尼新香榭鉄板燒台南公園南店,品質,42.0
夏慕尼新香榭鉄板燒台南公園南店,師傅,41.0
初食手作廚房早午餐義大利麵（店休看臉書）,餐點,48.0
初食手作廚房早午餐義大利麵（店休看臉書）,義大利麵,31.0
初食手作廚房早午餐義大利麵（店休看臉書）,環境,27.0
初食手作廚房早午餐義大利麵（店休看臉書）,老闆,26.0
初食手作廚房早午餐義大利麵（店休看臉書）,份量,24.0
初食手作廚房早午餐義大利麵（店休看臉書）,沙拉,20.0
初食手作廚房早午餐義大利麵（店休看臉書）,味道,19.0
初食手作廚房早午餐義大利麵（店休看臉書）,早午餐,19.0
初食手作廚房早午餐義大利麵（店休看臉書）,食材,17.0
初食手作廚房早午餐義大利麵（店休看臉書）,紅茶,16.0
初食手作廚房早午餐義大利麵（店休看臉書）,食物,16.0
初食手作廚房早午餐義大利麵（店休看臉書）,水果,15.0
初食手作廚房早午餐義大利麵（店休看臉書）,濃湯,14.0
初食手作廚房早午餐義大利麵（店休看臉書）,飲料,14.0
初食手作廚房早午餐義大利麵（店休看臉書）,價格,12.0
初食手作廚房早午餐義大利麵（店休看臉書）,老闆娘,12.0
初食手作廚房早午餐義大利麵（店休看臉書）,料理,12.0
初食手作廚房早午餐義大利麵（店休看臉書）,雞腿,12.0
初食手作廚房早午餐義大利麵（店休看臉書）,蔬菜,11.0
初食手作廚房早午餐義大利麵（店休看臉書）,價位,11.0
度小月原始店Du Hsiao Yueh Original Restaurant,擔仔麵,225.0
度小月原始店Du Hsiao Yueh Original Restaurant,份量,153.0
度小月原始店Du Hsiao Yueh Original Restaurant,味道,138.0
度小月原始店Du Hsiao Yueh Original Restaurant,價格,112.0
度小月原始店Du Hsiao Yueh Original Restaurant,口味,74.0
度小月原始店Du Hsiao Yueh Original Restaurant,東西,67.0
度小月原始店Du Hsiao Yueh Original Restaurant,餐點,60.0
度小月原始店Du Hsiao Yueh Original Restaurant,觀光客,57.0
度小月原始店Du Hsiao Yueh Original Restaurant,環境,56.0
度小月原始店Du Hsiao Yueh Original Restaurant,小吃,56.0
度小月原始店Du Hsiao Yueh Original Restaurant,態度,49.0
度小月原始店Du Hsiao Yueh Original Restaurant,湯頭,46.0
度小月原始店Du Hsiao Yueh Original Restaurant,價位,44.0
度小月原始店Du Hsiao Yueh Original Restaurant,蝦捲,43.0
度小月原始店Du Hsiao Yueh Original Restaurant,人員,35.0
度小月原始店Du Hsiao Yueh Original Restaurant,美食,34.0
度小月原始店Du Hsiao Yueh Original Restaurant,肉燥,33.0
度小月原始店Du Hsiao Yueh Original Restaurant,食物,32.0
度小月原始店Du Hsiao Yueh Original Restaurant,客人,31.0
度小月原始店Du Hsiao Yueh Original Restaurant,店員,30.0
明仁鍋貼,鍋貼,225.0
明仁鍋貼,老闆,73.0
明仁鍋貼,口味,49.0
明仁鍋貼,口感,43.0
明仁鍋貼,黃金,38.0
明仁鍋貼,味道,37.0
明仁鍋貼,酸辣湯,32.0
明仁鍋貼,份量,30.0
明仁鍋貼,豬肉,28.0
明仁鍋貼,價格,24.0
明仁鍋貼,韭菜,24.0
明仁鍋貼,內餡,22.0
明仁鍋貼,煎餃,21.0
明仁鍋貼,店家,19.0
明仁鍋貼,起司,19.0
明仁鍋貼,泡菜,18.0
明仁鍋貼,餡料,17.0
明仁鍋貼,老闆娘,15.0
明仁鍋貼,態度,15.0
明仁鍋貼,感覺,14.0
NEST Restaurant & Bar,氣氛,256.0
NEST Restaurant & Bar,餐點,212.0
NEST Restaurant & Bar,泰式,107.0
NEST Restaurant & Bar,環境,83.0
NEST Restaurant & Bar,料理,72.0
NEST Restaurant & Bar,朋友,70.0
NEST Restaurant & Bar,東西,70.0
NEST Restaurant & Bar,店員,67.0
NEST Restaurant & Bar,態度,53.0
NEST Restaurant & Bar,食物,51.0
NEST Restaurant & Bar,地方,50.0
NEST Restaurant & Bar,人員,49.0
NEST Restaurant & Bar,裝潢,47.0
NEST Restaurant & Bar,味道,41.0
NEST Restaurant & Bar,口味,33.0
NEST Restaurant & Bar,炒飯,32.0
NEST Restaurant & Bar,蝦餅,31.0
NEST Restaurant & Bar,特色,28.0
NEST Restaurant & Bar,音樂,26.0
NEST Restaurant & Bar,鳳梨,26.0
喬美海鮮碳烤餐廳,菜色,29.0
喬美海鮮碳烤餐廳,海鮮,24.0
喬美海鮮碳烤餐廳,口味,21.0
喬美海鮮碳烤餐廳,東西,17.0
喬美海鮮碳烤餐廳,食材,16.0
喬美海鮮碳烤餐廳,價格,16.0
喬美海鮮碳烤餐廳,料理,14.0
喬美海鮮碳烤餐廳,餐點,14.0
喬美海鮮碳烤餐廳,團體,11.0
喬美海鮮碳烤餐廳,遊覽車,10.0
喬美海鮮碳烤餐廳,地方,10.0
喬美海鮮碳烤餐廳,老闆,9.0
喬美海鮮碳烤餐廳,味道,9.0
喬美海鮮碳烤餐廳,環境,9.0
喬美海鮮碳烤餐廳,平價,7.0
喬美海鮮碳烤餐廳,價位,6.0
喬美海鮮碳烤餐廳,合菜,5.0
喬美海鮮碳烤餐廳,螃蟹,5.0
喬美海鮮碳烤餐廳,食物,5.0
喬美海鮮碳烤餐廳,晚餐,5.0
松稜.擔露駐在所,滷味,24.0
松稜.擔露駐在所,口味,13.0
松稜.擔露駐在所,椒麻,12.0
松稜.擔露駐在所,店員,9.0
松稜.擔露駐在所,東西,7.0
松稜.擔露駐在所,糖燻,7.0
松稜.擔露駐在所,味道,6.0
松稜.擔露駐在所,煙燻味,5.0
松稜.擔露駐在所,鴨翅,4.0
松稜.擔露駐在所,豆乾,4.0
松稜.擔露駐在所,店家,4.0
松稜.擔露駐在所,態度,4.0
松稜.擔露駐在所,魯味,3.0
松稜.擔露駐在所,松稜,3.0
松稜.擔露駐在所,煙霧蛋,3.0
松稜.擔露駐在所,微波,3.0
松稜.擔露駐在所,米血,3.0
松稜.擔露駐在所,外觀,3.0
松稜.擔露駐在所,人員,3.0
松稜.擔露駐在所,口感,2.0
大菜市包仔王,包子,149.0
大菜市包仔王,乾麵,143.0
大菜市包仔王,肉包,142.0
大菜市包仔王,滷味,77.0
大菜市包仔王,味道,71.0
大菜市包仔王,意麵,60.0
大菜市包仔王,口味,53.0
大菜市包仔王,餛飩湯,49.0
大菜市包仔王,價格,46.0
大菜市包仔王,餛飩,40.0
大菜市包仔王,豬油,27.0
大菜市包仔王,麵條,21.0
大菜市包仔王,古早味,20.0
大菜市包仔王,口感,19.0
大菜市包仔王,態度,17.0
大菜市包仔王,滷菜,17.0
大菜市包仔王,小菜,16.0
大菜市包仔王,醬油,16.0
大菜市包仔王,生意,15.0
大菜市包仔王,湯麵,15.0
古堡蚵仔煎專賣店,蚵仔,98.0
古堡蚵仔煎專賣店,蚵仔煎,44.0
古堡蚵仔煎專賣店,份量,30.0
古堡蚵仔煎專賣店,醬料,29.0
古堡蚵仔煎專賣店,口味,23.0
古堡蚵仔煎專賣店,味道,20.0
古堡蚵仔煎專賣店,價格,17.0
古堡蚵仔煎專賣店,蚵仔湯,11.0
古堡蚵仔煎專賣店,蝦仁,9.0
古堡蚵仔煎專賣店,豆芽菜,8.0
古堡蚵仔煎專賣店,態度,8.0
古堡蚵仔煎專賣店,老闆,7.0
古堡蚵仔煎專賣店,整體,7.0
古堡蚵仔煎專賣店,價錢,7.0
古堡蚵仔煎專賣店,大份,6.0
古堡蚵仔煎專賣店,環境,6.0
古堡蚵仔煎專賣店,燥飯,6.0
古堡蚵仔煎專賣店,青菜,6.0
古堡蚵仔煎專賣店,口感,6.0
古堡蚵仔煎專賣店,東西,6.0
Lao Deng Beef Noodle Restaurant,牛肉麵,217.0
Lao Deng Beef Noodle Restaurant,滷味,144.0
Lao Deng Beef Noodle Restaurant,湯頭,117.0
Lao Deng Beef Noodle Restaurant,價格,113.0
Lao Deng Beef Noodle Restaurant,牛肉,102.0
Lao Deng Beef Noodle Restaurant,小菜,98.0
Lao Deng Beef Noodle Restaurant,味道,81.0
Lao Deng Beef Noodle Restaurant,老闆,68.0
Lao Deng Beef Noodle Restaurant,口味,57.0
Lao Deng Beef Noodle Restaurant,海帶,53.0
Lao Deng Beef Noodle Restaurant,牛筋,50.0
Lao Deng Beef Noodle Restaurant,價位,41.0
Lao Deng Beef Noodle Restaurant,價錢,35.0
Lao Deng Beef Noodle Restaurant,滷菜,31.0
Lao Deng Beef Noodle Restaurant,感覺,26.0
Lao Deng Beef Noodle Restaurant,口感,24.0
Lao Deng Beef Noodle Restaurant,態度,22.0
Lao Deng Beef Noodle Restaurant,牛肚,22.0
Lao Deng Beef Noodle Restaurant,麵條,18.0
Lao Deng Beef Noodle Restaurant,東西,18.0
勝博殿 新光三越台南西門店,豬排,45.0
勝博殿 新光三越台南西門店,餐點,30.0
勝博殿 新光三越台南西門店,人員,27.0
勝博殿 新光三越台南西門店,態度,17.0
勝博殿 新光三越台南西門店,客人,16.0
勝博殿 新光三越台南西門店,小菜,15.0
勝博殿 新光三越台南西門店,菜絲,12.0
勝博殿 新光三越台南西門店,價格,11.0
勝博殿 新光三越台南西門店,味道,10.0
勝博殿 新光三越台南西門店,白飯,8.0
勝博殿 新光三越台南西門店,口感,8.0
勝博殿 新光三越台南西門店,感覺,8.0
勝博殿 新光三越台南西門店,噌湯,8.0
勝博殿 新光三越台南西門店,品質,7.0
勝博殿 新光三越台南西門店,服務員,7.0
勝博殿 新光三越台南西門店,服務費,7.0
勝博殿 新光三越台南西門店,整體,7.0
勝博殿 新光三越台南西門店,問題,7.0
勝博殿 新光三越台南西門店,牡蠣,7.0
勝博殿 新光三越台南西門店,顧客,7.0
祿記包子,水晶餃,411.0
祿記包子,包子,165.0
祿記包子,味道,62.0
祿記包子,內餡,58.0
祿記包子,筍子,53.0
祿記包子,水晶,51.0
祿記包子,肉包,40.0
祿記包子,口味,40.0
祿記包子,祿記,37.0
祿記包子,餃皮,37.0
祿記包子,外皮,36.0
祿記包子,口感,35.0
祿記包子,饅頭,34.0
祿記包子,店家,30.0
祿記包子,筍丁,29.0
祿記包子,態度,27.0
祿記包子,巷子,23.0
祿記包子,美食,23.0
祿記包子,餡料,22.0
祿記包子,竹筍,17.0
梅鑫海產店,海鮮,175.0
梅鑫海產店,食材,151.0
梅鑫海產店,價格,134.0
梅鑫海產店,生意,105.0
梅鑫海產店,東西,103.0
梅鑫海產店,海產,85.0
梅鑫海產店,口味,75.0
梅鑫海產店,料理,59.0
梅鑫海產店,老闆,58.0
梅鑫海產店,菜色,57.0
梅鑫海產店,香腸,50.0
梅鑫海產店,菜單,47.0
梅鑫海產店,速度,43.0
梅鑫海產店,價錢,40.0
梅鑫海產店,平價,37.0
梅鑫海產店,人員,35.0
梅鑫海產店,客人,35.0
梅鑫海產店,價位,34.0
梅鑫海產店,份量,33.0
梅鑫海產店,老闆娘,33.0
古早味鍋燒意麵,意麵,57.0
古早味鍋燒意麵,湯頭,52.0
古早味鍋燒意麵,味道,29.0
古早味鍋燒意麵,口味,24.0
古早味鍋燒意麵,古早味,22.0
古早味鍋燒意麵,炒飯,17.0
古早味鍋燒意麵,炒意麵,17.0
古早味鍋燒意麵,美食,14.0
古早味鍋燒意麵,份量,12.0
古早味鍋燒意麵,平價,11.0
古早味鍋燒意麵,燒意麵,9.0
古早味鍋燒意麵,青菜,8.0
古早味鍋燒意麵,價格,8.0
古早味鍋燒意麵,古早味鍋,7.0
古早味鍋燒意麵,配料,7.0
古早味鍋燒意麵,鰹魚,6.0
古早味鍋燒意麵,煎蛋,6.0
古早味鍋燒意麵,口感,6.0
古早味鍋燒意麵,店家,6.0
古早味鍋燒意麵,高湯,5.0
Serious Cafe 西瑞司 ｜義大利麵 風味飯 咖哩 鍋物 中式私房料理 美式漢堡,餐點,67.0
Serious Cafe 西瑞司 ｜義大利麵 風味飯 咖哩 鍋物 中式私房料理 美式漢堡,漢堡,57.0
Serious Cafe 西瑞司 ｜義大利麵 風味飯 咖哩 鍋物 中式私房料理 美式漢堡,環境,43.0
Serious Cafe 西瑞司 ｜義大利麵 風味飯 咖哩 鍋物 中式私房料理 美式漢堡,紅茶,29.0
Serious Cafe 西瑞司 ｜義大利麵 風味飯 咖哩 鍋物 中式私房料理 美式漢堡,義大利麵,24.0
Serious Cafe 西瑞司 ｜義大利麵 風味飯 咖哩 鍋物 中式私房料理 美式漢堡,飲料,23.0
Serious Cafe 西瑞司 ｜義大利麵 風味飯 咖哩 鍋物 中式私房料理 美式漢堡,氣氛,19.0
Serious Cafe 西瑞司 ｜義大利麵 風味飯 咖哩 鍋物 中式私房料理 美式漢堡,咖啡,18.0
Serious Cafe 西瑞司 ｜義大利麵 風味飯 咖哩 鍋物 中式私房料理 美式漢堡,份量,17.0
Serious Cafe 西瑞司 ｜義大利麵 風味飯 咖哩 鍋物 中式私房料理 美式漢堡,口味,17.0
Serious Cafe 西瑞司 ｜義大利麵 風味飯 咖哩 鍋物 中式私房料理 美式漢堡,味道,16.0
Serious Cafe 西瑞司 ｜義大利麵 風味飯 咖哩 鍋物 中式私房料理 美式漢堡,東西,14.0
Serious Cafe 西瑞司 ｜義大利麵 風味飯 咖哩 鍋物 中式私房料理 美式漢堡,沙拉,13.0
Serious Cafe 西瑞司 ｜義大利麵 風味飯 咖哩 鍋物 中式私房料理 美式漢堡,濃湯,13.0
Serious Cafe 西瑞司 ｜義大利麵 風味飯 咖哩 鍋物 中式私房料理 美式漢堡,牛肉,12.0
Serious Cafe 西瑞司 ｜義大利麵 風味飯 咖哩 鍋物 中式私房料理 美式漢堡,食物,12.0
Serious Cafe 西瑞司 ｜義大利麵 風味飯 咖哩 鍋物 中式私房料理 美式漢堡,人員,12.0
Serious Cafe 西瑞司 ｜義大利麵 風味飯 咖哩 鍋物 中式私房料理 美式漢堡,火鍋,12.0
Serious Cafe 西瑞司 ｜義大利麵 風味飯 咖哩 鍋物 中式私房料理 美式漢堡,態度,11.0
Serious Cafe 西瑞司 ｜義大利麵 風味飯 咖哩 鍋物 中式私房料理 美式漢堡,價格,9.0
和森鮓 日本料理握壽司丼飯定食燒物〈人氣日料推薦〉〈中西區日式餐廳〉〈必吃丼飯〉〈特色日料〉〈特色握壽司〉〈必吃日料〉,餐點,94.0
和森鮓 日本料理握壽司丼飯定食燒物〈人氣日料推薦〉〈中西區日式餐廳〉〈必吃丼飯〉〈特色日料〉〈特色握壽司〉〈必吃日料〉,鮭魚,88.0
和森鮓 日本料理握壽司丼飯定食燒物〈人氣日料推薦〉〈中西區日式餐廳〉〈必吃丼飯〉〈特色日料〉〈特色握壽司〉〈必吃日料〉,定食,79.0
和森鮓 日本料理握壽司丼飯定食燒物〈人氣日料推薦〉〈中西區日式餐廳〉〈必吃丼飯〉〈特色日料〉〈特色握壽司〉〈必吃日料〉,環境,68.0
和森鮓 日本料理握壽司丼飯定食燒物〈人氣日料推薦〉〈中西區日式餐廳〉〈必吃丼飯〉〈特色日料〉〈特色握壽司〉〈必吃日料〉,丼飯,66.0
和森鮓 日本料理握壽司丼飯定食燒物〈人氣日料推薦〉〈中西區日式餐廳〉〈必吃丼飯〉〈特色日料〉〈特色握壽司〉〈必吃日料〉,份量,62.0
和森鮓 日本料理握壽司丼飯定食燒物〈人氣日料推薦〉〈中西區日式餐廳〉〈必吃丼飯〉〈特色日料〉〈特色握壽司〉〈必吃日料〉,料理,56.0
和森鮓 日本料理握壽司丼飯定食燒物〈人氣日料推薦〉〈中西區日式餐廳〉〈必吃丼飯〉〈特色日料〉〈特色握壽司〉〈必吃日料〉,食材,52.0
和森鮓 日本料理握壽司丼飯定食燒物〈人氣日料推薦〉〈中西區日式餐廳〉〈必吃丼飯〉〈特色日料〉〈特色握壽司〉〈必吃日料〉,老闆,52.0
和森鮓 日本料理握壽司丼飯定食燒物〈人氣日料推薦〉〈中西區日式餐廳〉〈必吃丼飯〉〈特色日料〉〈特色握壽司〉〈必吃日料〉,親子,45.0
和森鮓 日本料理握壽司丼飯定食燒物〈人氣日料推薦〉〈中西區日式餐廳〉〈必吃丼飯〉〈特色日料〉〈特色握壽司〉〈必吃日料〉,壽司,43.0
和森鮓 日本料理握壽司丼飯定食燒物〈人氣日料推薦〉〈中西區日式餐廳〉〈必吃丼飯〉〈特色日料〉〈特色握壽司〉〈必吃日料〉,味道,40.0
和森鮓 日本料理握壽司丼飯定食燒物〈人氣日料推薦〉〈中西區日式餐廳〉〈必吃丼飯〉〈特色日料〉〈特色握壽司〉〈必吃日料〉,氣氛,37.0
和森鮓 日本料理握壽司丼飯定食燒物〈人氣日料推薦〉〈中西區日式餐廳〉〈必吃丼飯〉〈特色日料〉〈特色握壽司〉〈必吃日料〉,店家,37.0
和森鮓 日本料理握壽司丼飯定食燒物〈人氣日料推薦〉〈中西區日式餐廳〉〈必吃丼飯〉〈特色日料〉〈特色握壽司〉〈必吃日料〉,牛肉,35.0
和森鮓 日本料理握壽司丼飯定食燒物〈人氣日料推薦〉〈中西區日式餐廳〉〈必吃丼飯〉〈特色日料〉〈特色握壽司〉〈必吃日料〉,東西,34.0
和森鮓 日本料理握壽司丼飯定食燒物〈人氣日料推薦〉〈中西區日式餐廳〉〈必吃丼飯〉〈特色日料〉〈特色握壽司〉〈必吃日料〉,沙拉,31.0
和森鮓 日本料理握壽司丼飯定食燒物〈人氣日料推薦〉〈中西區日式餐廳〉〈必吃丼飯〉〈特色日料〉〈特色握壽司〉〈必吃日料〉,食物,30.0
和森鮓 日本料理握壽司丼飯定食燒物〈人氣日料推薦〉〈中西區日式餐廳〉〈必吃丼飯〉〈特色日料〉〈特色握壽司〉〈必吃日料〉,比目魚,30.0
和森鮓 日本料理握壽司丼飯定食燒物〈人氣日料推薦〉〈中西區日式餐廳〉〈必吃丼飯〉〈特色日料〉〈特色握壽司〉〈必吃日料〉,焦糖,28.0
嘉洲食坊,雞飯,21.0
嘉洲食坊,肉骨茶,17.0
嘉洲食坊,咖哩,16.0
嘉洲食坊,肉骨,16.0
嘉洲食坊,味道,14.0
嘉洲食坊,口味,11.0
嘉洲食坊,叻沙麵,10.0
嘉洲食坊,老闆,10.0
嘉洲食坊,餐點,10.0
嘉洲食坊,蝦餅,9.0
嘉洲食坊,價格,9.0
嘉洲食坊,海南雞,8.0
嘉洲食坊,美食,7.0
嘉洲食坊,老闆娘,7.0
嘉洲食坊,火鍋料,7.0
嘉洲食坊,叻沙,7.0
嘉洲食坊,價位,7.0
嘉洲食坊,胡椒味,7.0
嘉洲食坊,椰漿飯,6.0
嘉洲食坊,環境,6.0
安平BB彈芋圓達人,芋圓,182.0
安平BB彈芋圓達人,店員,28.0
安平BB彈芋圓達人,芋泥,27.0
安平BB彈芋圓達人,態度,24.0
安平BB彈芋圓達人,口感,24.0
安平BB彈芋圓達人,芋頭,23.0
安平BB彈芋圓達人,味道,21.0
安平BB彈芋圓達人,價格,20.0
安平BB彈芋圓達人,東西,19.0
安平BB彈芋圓達人,環境,19.0
安平BB彈芋圓達人,珍珠,19.0
安平BB彈芋圓達人,份量,18.0
安平BB彈芋圓達人,地瓜圓,18.0
安平BB彈芋圓達人,甜度,18.0
安平BB彈芋圓達人,仙草,17.0
安平BB彈芋圓達人,豆花,14.0
安平BB彈芋圓達人,口味,13.0
安平BB彈芋圓達人,元氣彈,10.0
安平BB彈芋圓達人,客人,10.0
安平BB彈芋圓達人,紅豆,10.0
早安山丘《安南長和店》,店員,11.0
早安山丘《安南長和店》,餐點,9.0
早安山丘《安南長和店》,漢堡,6.0
早安山丘《安南長和店》,熊貓,6.0
早安山丘《安南長和店》,時間,6.0
早安山丘《安南長和店》,速度,5.0
早安山丘《安南長和店》,電話,5.0
早安山丘《安南長和店》,態度,4.0
早安山丘《安南長和店》,吐司,4.0
早安山丘《安南長和店》,豬肉,4.0
早安山丘《安南長和店》,環境,4.0
早安山丘《安南長和店》,單子,4.0
早安山丘《安南長和店》,早餐,3.0
早安山丘《安南長和店》,套餐,3.0
早安山丘《安南長和店》,花醬,3.0
早安山丘《安南長和店》,培根,3.0
早安山丘《安南長和店》,雞排,3.0
早安山丘《安南長和店》,口味,3.0
早安山丘《安南長和店》,豆漿,3.0
早安山丘《安南長和店》,店家,3.0
請上桌 戶外海景海鮮燒烤餐廳,食材,88.0
請上桌 戶外海景海鮮燒烤餐廳,東西,66.0
請上桌 戶外海景海鮮燒烤餐廳,氣氛,62.0
請上桌 戶外海景海鮮燒烤餐廳,環境,47.0
請上桌 戶外海景海鮮燒烤餐廳,地方,46.0
請上桌 戶外海景海鮮燒烤餐廳,態度,36.0
請上桌 戶外海景海鮮燒烤餐廳,價格,32.0
請上桌 戶外海景海鮮燒烤餐廳,朋友,26.0
請上桌 戶外海景海鮮燒烤餐廳,人員,25.0
請上桌 戶外海景海鮮燒烤餐廳,餐點,22.0
請上桌 戶外海景海鮮燒烤餐廳,食物,21.0
請上桌 戶外海景海鮮燒烤餐廳,小孩,20.0
請上桌 戶外海景海鮮燒烤餐廳,空間,19.0
請上桌 戶外海景海鮮燒烤餐廳,小時,18.0
請上桌 戶外海景海鮮燒烤餐廳,店長,17.0
請上桌 戶外海景海鮮燒烤餐廳,客人,16.0
請上桌 戶外海景海鮮燒烤餐廳,價位,16.0
請上桌 戶外海景海鮮燒烤餐廳,炒飯,15.0
請上桌 戶外海景海鮮燒烤餐廳,時間,15.0
請上桌 戶外海景海鮮燒烤餐廳,店家,15.0
布列塔尼 法國松露·日本松露,松露,53.0
布列塔尼 法國松露·日本松露,料理,40.0
布列塔尼 法國松露·日本松露,老闆,40.0
布列塔尼 法國松露·日本松露,餐點,11.0
布列塔尼 法國松露·日本松露,味道,10.0
布列塔尼 法國松露·日本松露,食物,8.0
布列塔尼 法國松露·日本松露,食材,7.0
布列塔尼 法國松露·日本松露,客人,6.0
布列塔尼 法國松露·日本松露,菜單,6.0
布列塔尼 法國松露·日本松露,美食,5.0
布列塔尼 法國松露·日本松露,香氣,5.0
布列塔尼 法國松露·日本松露,燉飯,5.0
布列塔尼 法國松露·日本松露,照片,5.0
布列塔尼 法國松露·日本松露,想法,4.0
布列塔尼 法國松露·日本松露,環境,4.0
布列塔尼 法國松露·日本松露,特色,4.0
布列塔尼 法國松露·日本松露,價位,3.0
布列塔尼 法國松露·日本松露,口齒,3.0
布列塔尼 法國松露·日本松露,罐頭,3.0
布列塔尼 法國松露·日本松露,濃湯,3.0
潘奇堡咖啡‧輕食,餐點,52.0
潘奇堡咖啡‧輕食,老闆娘,38.0
潘奇堡咖啡‧輕食,炸雞,23.0
潘奇堡咖啡‧輕食,早午餐,20.0
潘奇堡咖啡‧輕食,份量,19.0
潘奇堡咖啡‧輕食,東西,18.0
潘奇堡咖啡‧輕食,環境,17.0
潘奇堡咖啡‧輕食,價格,16.0
潘奇堡咖啡‧輕食,唐揚雞,16.0
潘奇堡咖啡‧輕食,態度,14.0
潘奇堡咖啡‧輕食,唐揚,14.0
潘奇堡咖啡‧輕食,平價,12.0
潘奇堡咖啡‧輕食,食物,11.0
潘奇堡咖啡‧輕食,老闆,11.0
潘奇堡咖啡‧輕食,套餐,11.0
潘奇堡咖啡‧輕食,空間,10.0
潘奇堡咖啡‧輕食,奶茶,10.0
潘奇堡咖啡‧輕食,價位,9.0
潘奇堡咖啡‧輕食,吐司,9.0
潘奇堡咖啡‧輕食,味道,9.0
Yamane Sushi,壽司,284.0
Yamane Sushi,平價,173.0
Yamane Sushi,生魚片,123.0
Yamane Sushi,料理,121.0
Yamane Sushi,價格,116.0
Yamane Sushi,味道,104.0
Yamane Sushi,東西,101.0
Yamane Sushi,鮭魚,84.0
Yamane Sushi,環境,77.0
Yamane Sushi,口味,75.0
Yamane Sushi,cp值,54.0
Yamane Sushi,沙拉,48.0
Yamane Sushi,價位,47.0
Yamane Sushi,客人,41.0
Yamane Sushi,炸豬排,40.0
Yamane Sushi,炸豆腐,36.0
Yamane Sushi,食材,35.0
Yamane Sushi,觀光客,34.0
Yamane Sushi,土瓶,33.0
Yamane Sushi,生意,32.0
一風堂台南西門店,拉麵,54.0
一風堂台南西門店,口味,32.0
一風堂台南西門店,湯頭,28.0
一風堂台南西門店,味道,25.0
一風堂台南西門店,煎餃,18.0
一風堂台南西門店,店員,17.0
一風堂台南西門店,客人,17.0
一風堂台南西門店,套餐,15.0
一風堂台南西門店,麵條,14.0
一風堂台南西門店,炸雞,14.0
一風堂台南西門店,餐點,14.0
一風堂台南西門店,叉燒,13.0
一風堂台南西門店,份量,12.0
一風堂台南西門店,人員,12.0
一風堂台南西門店,價格,11.0
一風堂台南西門店,口感,10.0
一風堂台南西門店,環境,10.0
一風堂台南西門店,赤丸,10.0
一風堂台南西門店,態度,10.0
一風堂台南西門店,炒飯,9.0
桃花源,湯頭,278.0
桃花源,牛肉麵,258.0
桃花源,牛肉,137.0
桃花源,熗鍋,69.0
桃花源,口味,61.0
桃花源,味道,57.0
桃花源,烏梅汁,49.0
桃花源,價格,47.0
桃花源,麵條,37.0
桃花源,小菜,34.0
桃花源,店家,29.0
桃花源,口感,29.0
桃花源,牛筋,27.0
桃花源,肉質,22.0
桃花源,價位,22.0
桃花源,態度,22.0
桃花源,餐點,21.0
桃花源,三寶,21.0
桃花源,蔬果,21.0
桃花源,特色,20.0
The Art Corner Restaurant,蔬菜,69.0
The Art Corner Restaurant,野菜,62.0
The Art Corner Restaurant,蔬食,61.0
The Art Corner Restaurant,環境,55.0
The Art Corner Restaurant,食材,44.0
The Art Corner Restaurant,火鍋,43.0
The Art Corner Restaurant,種類,29.0
The Art Corner Restaurant,人員,27.0
The Art Corner Restaurant,素食,24.0
The Art Corner Restaurant,甜點,24.0
The Art Corner Restaurant,餐點,23.0
The Art Corner Restaurant,湯頭,21.0
The Art Corner Restaurant,東西,19.0
The Art Corner Restaurant,特色,19.0
The Art Corner Restaurant,冰淇淋,19.0
The Art Corner Restaurant,早餐,17.0
The Art Corner Restaurant,朋友,17.0
The Art Corner Restaurant,口味,17.0
The Art Corner Restaurant,價格,16.0
The Art Corner Restaurant,熟食,15.0
Grandma grilled sandwiches,吐司,62.0
Grandma grilled sandwiches,奶油,32.0
Grandma grilled sandwiches,三明治,28.0
Grandma grilled sandwiches,花生,27.0
Grandma grilled sandwiches,阿嬤,26.0
Grandma grilled sandwiches,口味,24.0
Grandma grilled sandwiches,草莓,20.0
Grandma grilled sandwiches,豬油,18.0
Grandma grilled sandwiches,土司,16.0
Grandma grilled sandwiches,味道,15.0
Grandma grilled sandwiches,古早味,13.0
Grandma grilled sandwiches,炭火,12.0
Grandma grilled sandwiches,果醬,11.0
Grandma grilled sandwiches,口感,11.0
Grandma grilled sandwiches,夾蛋,10.0
Grandma grilled sandwiches,煎蛋,10.0
Grandma grilled sandwiches,時間,9.0
Grandma grilled sandwiches,價格,9.0
Grandma grilled sandwiches,老闆,8.0
Grandma grilled sandwiches,蛋香,7.0
MOS BURGER Tainan Jiankang Shop,環境,87.0
MOS BURGER Tainan Jiankang Shop,餐點,43.0
MOS BURGER Tainan Jiankang Shop,空間,42.0
MOS BURGER Tainan Jiankang Shop,店員,30.0
MOS BURGER Tainan Jiankang Shop,摩斯,29.0
MOS BURGER Tainan Jiankang Shop,座位,29.0
MOS BURGER Tainan Jiankang Shop,地方,19.0
MOS BURGER Tainan Jiankang Shop,態度,18.0
MOS BURGER Tainan Jiankang Shop,人員,17.0
MOS BURGER Tainan Jiankang Shop,東西,15.0
MOS BURGER Tainan Jiankang Shop,時間,14.0
MOS BURGER Tainan Jiankang Shop,氣氛,12.0
MOS BURGER Tainan Jiankang Shop,早餐,12.0
MOS BURGER Tainan Jiankang Shop,機器人,12.0
MOS BURGER Tainan Jiankang Shop,紅茶,11.0
MOS BURGER Tainan Jiankang Shop,摩斯漢堡,11.0
MOS BURGER Tainan Jiankang Shop,食物,10.0
MOS BURGER Tainan Jiankang Shop,漢堡,10.0
MOS BURGER Tainan Jiankang Shop,位置,9.0
MOS BURGER Tainan Jiankang Shop,客人,9.0
阿輝炒鱔魚,鱔魚,475.0
阿輝炒鱔魚,意麵,227.0
阿輝炒鱔魚,味道,141.0
阿輝炒鱔魚,口味,123.0
阿輝炒鱔魚,價格,115.0
阿輝炒鱔魚,態度,106.0
阿輝炒鱔魚,東西,44.0
阿輝炒鱔魚,份量,41.0
阿輝炒鱔魚,花枝,39.0
阿輝炒鱔魚,口感,32.0
阿輝炒鱔魚,觀光客,31.0
阿輝炒鱔魚,老闆,31.0
阿輝炒鱔魚,價錢,31.0
阿輝炒鱔魚,客人,28.0
阿輝炒鱔魚,鱔魚麵,28.0
阿輝炒鱔魚,阿輝,27.0
阿輝炒鱔魚,價位,27.0
阿輝炒鱔魚,店家,26.0
阿輝炒鱔魚,環境,24.0
阿輝炒鱔魚,整體,22.0
台灣黑輪,竹籤,246.0
台灣黑輪,態度,220.0
台灣黑輪,黑輪,204.0
台灣黑輪,老闆,199.0
台灣黑輪,小黃瓜,191.0
台灣黑輪,東西,184.0
台灣黑輪,毛豆,151.0
台灣黑輪,味道,94.0
台灣黑輪,客人,75.0
台灣黑輪,小菜,73.0
台灣黑輪,店員,65.0
台灣黑輪,店家,59.0
台灣黑輪,食物,59.0
台灣黑輪,感覺,56.0
台灣黑輪,盤子,52.0
台灣黑輪,評論,46.0
台灣黑輪,口味,45.0
台灣黑輪,價錢,44.0
台灣黑輪,價格,42.0
台灣黑輪,衛生,42.0
喜得炭火燒三明治-台南民族店,三明治,23.0
喜得炭火燒三明治-台南民族店,態度,18.0
喜得炭火燒三明治-台南民族店,吐司,18.0
喜得炭火燒三明治-台南民族店,餐點,17.0
喜得炭火燒三明治-台南民族店,早餐,15.0
喜得炭火燒三明治-台南民族店,紅茶,10.0
喜得炭火燒三明治-台南民族店,套餐,9.0
喜得炭火燒三明治-台南民族店,店員,9.0
喜得炭火燒三明治-台南民族店,味道,7.0
喜得炭火燒三明治-台南民族店,口味,7.0
喜得炭火燒三明治-台南民族店,店家,7.0
喜得炭火燒三明治-台南民族店,東西,6.0
喜得炭火燒三明治-台南民族店,櫃檯,6.0
喜得炭火燒三明治-台南民族店,招牌,6.0
喜得炭火燒三明治-台南民族店,感覺,6.0
喜得炭火燒三明治-台南民族店,價格,5.0
喜得炭火燒三明治-台南民族店,漢堡,5.0
喜得炭火燒三明治-台南民族店,豆漿,5.0
喜得炭火燒三明治-台南民族店,蛋餅,5.0
喜得炭火燒三明治-台南民族店,花生,5.0
董家牛肉麵店,牛肉麵,19.0
董家牛肉麵店,榨菜,18.0
董家牛肉麵店,味道,17.0
董家牛肉麵店,肉絲麵,13.0
董家牛肉麵店,乾麵,10.0
董家牛肉麵店,滷味,10.0
董家牛肉麵店,湯頭,10.0
董家牛肉麵店,牛肉,9.0
董家牛肉麵店,麵條,7.0
董家牛肉麵店,口味,7.0
董家牛肉麵店,價格,6.0
董家牛肉麵店,麻醬,6.0
董家牛肉麵店,小菜,5.0
董家牛肉麵店,麻醬麵,5.0
董家牛肉麵店,肉絲湯麵,4.0
董家牛肉麵店,環境,4.0
董家牛肉麵店,份量,3.0
董家牛肉麵店,平價,3.0
董家牛肉麵店,麵類,3.0
董家牛肉麵店,肉絲,3.0
逐鹿炭火燒肉,食材,279.0
逐鹿炭火燒肉,態度,251.0
逐鹿炭火燒肉,速度,224.0
逐鹿炭火燒肉,人員,214.0
逐鹿炭火燒肉,蝦子,195.0
逐鹿炭火燒肉,東西,173.0
逐鹿炭火燒肉,品質,165.0
逐鹿炭火燒肉,冰淇淋,148.0
逐鹿炭火燒肉,店員,118.0
逐鹿炭火燒肉,客人,116.0
逐鹿炭火燒肉,cp值,116.0
逐鹿炭火燒肉,燒肉,115.0
逐鹿炭火燒肉,肉質,113.0
逐鹿炭火燒肉,環境,95.0
逐鹿炭火燒肉,時間,94.0
逐鹿炭火燒肉,服務生,86.0
逐鹿炭火燒肉,價位,86.0
逐鹿炭火燒肉,哈根達斯,82.0
逐鹿炭火燒肉,海鮮,81.0
逐鹿炭火燒肉,餐點,77.0
bistro88 義法餐酒館 台南小西門店,餐點,278.0
bistro88 義法餐酒館 台南小西門店,氣氛,166.0
bistro88 義法餐酒館 台南小西門店,環境,105.0
bistro88 義法餐酒館 台南小西門店,人員,64.0
bistro88 義法餐酒館 台南小西門店,價格,63.0
bistro88 義法餐酒館 台南小西門店,價位,56.0
bistro88 義法餐酒館 台南小西門店,燉飯,55.0
bistro88 義法餐酒館 台南小西門店,份量,50.0
bistro88 義法餐酒館 台南小西門店,東西,48.0
bistro88 義法餐酒館 台南小西門店,態度,47.0
bistro88 義法餐酒館 台南小西門店,早午餐,45.0
bistro88 義法餐酒館 台南小西門店,食物,44.0
bistro88 義法餐酒館 台南小西門店,味道,41.0
bistro88 義法餐酒館 台南小西門店,義大利麵,40.0
bistro88 義法餐酒館 台南小西門店,套餐,37.0
bistro88 義法餐酒館 台南小西門店,口味,36.0
bistro88 義法餐酒館 台南小西門店,沙拉,31.0
bistro88 義法餐酒館 台南小西門店,朋友,30.0
bistro88 義法餐酒館 台南小西門店,飲料,29.0
bistro88 義法餐酒館 台南小西門店,牛排,27.0
蘇家鍋燒意麵,意麵,99.0
蘇家鍋燒意麵,湯頭,44.0
蘇家鍋燒意麵,味道,19.0
蘇家鍋燒意麵,麵體,18.0
蘇家鍋燒意麵,麵條,14.0
蘇家鍋燒意麵,蝦子,14.0
蘇家鍋燒意麵,豬腸,14.0
蘇家鍋燒意麵,店家,11.0
蘇家鍋燒意麵,配料,11.0
蘇家鍋燒意麵,口感,10.0
蘇家鍋燒意麵,燒意麵,9.0
蘇家鍋燒意麵,鍋燒意麵,9.0
蘇家鍋燒意麵,魚肉,9.0
蘇家鍋燒意麵,炸魚塊,8.0
蘇家鍋燒意麵,魚丸,8.0
蘇家鍋燒意麵,份量,7.0
蘇家鍋燒意麵,口味,7.0
蘇家鍋燒意麵,鍋燒麵,6.0
蘇家鍋燒意麵,豆腐,6.0
蘇家鍋燒意麵,美食,6.0
滿庭芳閹雞城-台南雞精禮盒 合菜餐廳 推薦 麻豆推薦餐廳 閹雞料理 台菜料理餐廳 年菜餐廳 台南養生滴雞精,雞肉,24.0
滿庭芳閹雞城-台南雞精禮盒 合菜餐廳 推薦 麻豆推薦餐廳 閹雞料理 台菜料理餐廳 年菜餐廳 台南養生滴雞精,雞湯,19.0
滿庭芳閹雞城-台南雞精禮盒 合菜餐廳 推薦 麻豆推薦餐廳 閹雞料理 台菜料理餐廳 年菜餐廳 台南養生滴雞精,料理,15.0
滿庭芳閹雞城-台南雞精禮盒 合菜餐廳 推薦 麻豆推薦餐廳 閹雞料理 台菜料理餐廳 年菜餐廳 台南養生滴雞精,東西,12.0
滿庭芳閹雞城-台南雞精禮盒 合菜餐廳 推薦 麻豆推薦餐廳 閹雞料理 台菜料理餐廳 年菜餐廳 台南養生滴雞精,豆乳雞,9.0
滿庭芳閹雞城-台南雞精禮盒 合菜餐廳 推薦 麻豆推薦餐廳 閹雞料理 台菜料理餐廳 年菜餐廳 台南養生滴雞精,口味,9.0
滿庭芳閹雞城-台南雞精禮盒 合菜餐廳 推薦 麻豆推薦餐廳 閹雞料理 台菜料理餐廳 年菜餐廳 台南養生滴雞精,味道,8.0
滿庭芳閹雞城-台南雞精禮盒 合菜餐廳 推薦 麻豆推薦餐廳 閹雞料理 台菜料理餐廳 年菜餐廳 台南養生滴雞精,價格,8.0
滿庭芳閹雞城-台南雞精禮盒 合菜餐廳 推薦 麻豆推薦餐廳 閹雞料理 台菜料理餐廳 年菜餐廳 台南養生滴雞精,老闆,8.0
滿庭芳閹雞城-台南雞精禮盒 合菜餐廳 推薦 麻豆推薦餐廳 閹雞料理 台菜料理餐廳 年菜餐廳 台南養生滴雞精,特色,7.0
滿庭芳閹雞城-台南雞精禮盒 合菜餐廳 推薦 麻豆推薦餐廳 閹雞料理 台菜料理餐廳 年菜餐廳 台南養生滴雞精,肉質,7.0
滿庭芳閹雞城-台南雞精禮盒 合菜餐廳 推薦 麻豆推薦餐廳 閹雞料理 台菜料理餐廳 年菜餐廳 台南養生滴雞精,菜色,7.0
滿庭芳閹雞城-台南雞精禮盒 合菜餐廳 推薦 麻豆推薦餐廳 閹雞料理 台菜料理餐廳 年菜餐廳 台南養生滴雞精,份量,7.0
滿庭芳閹雞城-台南雞精禮盒 合菜餐廳 推薦 麻豆推薦餐廳 閹雞料理 台菜料理餐廳 年菜餐廳 台南養生滴雞精,食材,6.0
滿庭芳閹雞城-台南雞精禮盒 合菜餐廳 推薦 麻豆推薦餐廳 閹雞料理 台菜料理餐廳 年菜餐廳 台南養生滴雞精,時間,6.0
滿庭芳閹雞城-台南雞精禮盒 合菜餐廳 推薦 麻豆推薦餐廳 閹雞料理 台菜料理餐廳 年菜餐廳 台南養生滴雞精,白斬雞,6.0
滿庭芳閹雞城-台南雞精禮盒 合菜餐廳 推薦 麻豆推薦餐廳 閹雞料理 台菜料理餐廳 年菜餐廳 台南養生滴雞精,老闆娘,5.0
滿庭芳閹雞城-台南雞精禮盒 合菜餐廳 推薦 麻豆推薦餐廳 閹雞料理 台菜料理餐廳 年菜餐廳 台南養生滴雞精,蒜頭,5.0
滿庭芳閹雞城-台南雞精禮盒 合菜餐廳 推薦 麻豆推薦餐廳 閹雞料理 台菜料理餐廳 年菜餐廳 台南養生滴雞精,麵線,4.0
滿庭芳閹雞城-台南雞精禮盒 合菜餐廳 推薦 麻豆推薦餐廳 閹雞料理 台菜料理餐廳 年菜餐廳 台南養生滴雞精,店家,4.0
水仙宮粽葉米糕,米糕,388.0
水仙宮粽葉米糕,神湯,90.0
水仙宮粽葉米糕,味道,75.0
水仙宮粽葉米糕,骨肉湯,55.0
水仙宮粽葉米糕,鱔魚,46.0
水仙宮粽葉米糕,四神湯,43.0
水仙宮粽葉米糕,口味,42.0
水仙宮粽葉米糕,意麵,41.0
水仙宮粽葉米糕,小黃瓜,41.0
水仙宮粽葉米糕,肉燥,39.0
水仙宮粽葉米糕,魚鬆,37.0
水仙宮粽葉米糕,份量,31.0
水仙宮粽葉米糕,口感,31.0
水仙宮粽葉米糕,粽葉,31.0
水仙宮粽葉米糕,美食,30.0
水仙宮粽葉米糕,價格,29.0
水仙宮粽葉米糕,湯頭,26.0
水仙宮粽葉米糕,香氣,24.0
水仙宮粽葉米糕,腸子,22.0
水仙宮粽葉米糕,肉鬆,20.0
疆疆串燒烤肉專賣店,東西,38.0
疆疆串燒烤肉專賣店,口味,34.0
疆疆串燒烤肉專賣店,價格,31.0
疆疆串燒烤肉專賣店,平價,27.0
疆疆串燒烤肉專賣店,餐點,26.0
疆疆串燒烤肉專賣店,態度,24.0
疆疆串燒烤肉專賣店,地方,23.0
疆疆串燒烤肉專賣店,小時,21.0
疆疆串燒烤肉專賣店,客人,20.0
疆疆串燒烤肉專賣店,牛肉,19.0
疆疆串燒烤肉專賣店,店員,18.0
疆疆串燒烤肉專賣店,時間,18.0
疆疆串燒烤肉專賣店,肉串,17.0
疆疆串燒烤肉專賣店,朋友,17.0
疆疆串燒烤肉專賣店,速度,15.0
疆疆串燒烤肉專賣店,味道,15.0
疆疆串燒烤肉專賣店,啤酒,13.0
疆疆串燒烤肉專賣店,價位,13.0
疆疆串燒烤肉專賣店,生意,12.0
疆疆串燒烤肉專賣店,食材,12.0
松霖鍋燒始府 SONGLIN NABEYAKI NOODLE,湯頭,225.0
松霖鍋燒始府 SONGLIN NABEYAKI NOODLE,意麵,179.0
松霖鍋燒始府 SONGLIN NABEYAKI NOODLE,環境,157.0
松霖鍋燒始府 SONGLIN NABEYAKI NOODLE,味道,129.0
松霖鍋燒始府 SONGLIN NABEYAKI NOODLE,價格,122.0
松霖鍋燒始府 SONGLIN NABEYAKI NOODLE,口味,116.0
松霖鍋燒始府 SONGLIN NABEYAKI NOODLE,裝潢,83.0
松霖鍋燒始府 SONGLIN NABEYAKI NOODLE,鍋燒麵,77.0
松霖鍋燒始府 SONGLIN NABEYAKI NOODLE,原味,72.0
松霖鍋燒始府 SONGLIN NABEYAKI NOODLE,肉片,71.0
松霖鍋燒始府 SONGLIN NABEYAKI NOODLE,胡椒,66.0
松霖鍋燒始府 SONGLIN NABEYAKI NOODLE,鍋燒,56.0
松霖鍋燒始府 SONGLIN NABEYAKI NOODLE,燒意麵,52.0
松霖鍋燒始府 SONGLIN NABEYAKI NOODLE,價位,51.0
松霖鍋燒始府 SONGLIN NABEYAKI NOODLE,餐點,49.0
松霖鍋燒始府 SONGLIN NABEYAKI NOODLE,泡菜,45.0
松霖鍋燒始府 SONGLIN NABEYAKI NOODLE,豆花,44.0
松霖鍋燒始府 SONGLIN NABEYAKI NOODLE,配料,41.0
松霖鍋燒始府 SONGLIN NABEYAKI NOODLE,牛奶,38.0
松霖鍋燒始府 SONGLIN NABEYAKI NOODLE,氣氛,37.0
歐家蚵仔煎安平蚵仔煎安平美食安平老街美食安平老街小吃台南小吃台南蚵仔煎,蚵仔,92.0
歐家蚵仔煎安平蚵仔煎安平美食安平老街美食安平老街小吃台南小吃台南蚵仔煎,蚵仔煎,48.0
歐家蚵仔煎安平蚵仔煎安平美食安平老街美食安平老街小吃台南小吃台南蚵仔煎,味道,23.0
歐家蚵仔煎安平蚵仔煎安平美食安平老街美食安平老街小吃台南小吃台南蚵仔煎,蝦仁,22.0
歐家蚵仔煎安平蚵仔煎安平美食安平老街美食安平老街小吃台南小吃台南蚵仔煎,環境,20.0
歐家蚵仔煎安平蚵仔煎安平美食安平老街美食安平老街小吃台南小吃台南蚵仔煎,份量,19.0
歐家蚵仔煎安平蚵仔煎安平美食安平老街美食安平老街小吃台南小吃台南蚵仔煎,店家,17.0
歐家蚵仔煎安平蚵仔煎安平美食安平老街美食安平老街小吃台南小吃台南蚵仔煎,冷氣,16.0
歐家蚵仔煎安平蚵仔煎安平美食安平老街美食安平老街小吃台南小吃台南蚵仔煎,口味,15.0
歐家蚵仔煎安平蚵仔煎安平美食安平老街美食安平老街小吃台南小吃台南蚵仔煎,蝦捲,14.0
歐家蚵仔煎安平蚵仔煎安平美食安平老街美食安平老街小吃台南小吃台南蚵仔煎,東西,14.0
歐家蚵仔煎安平蚵仔煎安平美食安平老街美食安平老街小吃台南小吃台南蚵仔煎,態度,14.0
歐家蚵仔煎安平蚵仔煎安平美食安平老街美食安平老街小吃台南小吃台南蚵仔煎,蝦卷,11.0
歐家蚵仔煎安平蚵仔煎安平美食安平老街美食安平老街小吃台南小吃台南蚵仔煎,炒飯,11.0
歐家蚵仔煎安平蚵仔煎安平美食安平老街美食安平老街小吃台南小吃台南蚵仔煎,價格,10.0
歐家蚵仔煎安平蚵仔煎安平美食安平老街美食安平老街小吃台南小吃台南蚵仔煎,感覺,10.0
歐家蚵仔煎安平蚵仔煎安平美食安平老街美食安平老街小吃台南小吃台南蚵仔煎,蚵捲,9.0
歐家蚵仔煎安平蚵仔煎安平美食安平老街美食安平老街小吃台南小吃台南蚵仔煎,地方,8.0
歐家蚵仔煎安平蚵仔煎安平美食安平老街美食安平老街小吃台南小吃台南蚵仔煎,整體,8.0
歐家蚵仔煎安平蚵仔煎安平美食安平老街美食安平老街小吃台南小吃台南蚵仔煎,燥飯,8.0
赤崁棺材板,棺材板,851.0
赤崁棺材板,鱔魚,275.0
赤崁棺材板,味道,233.0
赤崁棺材板,意麵,204.0
赤崁棺材板,口味,198.0
赤崁棺材板,吐司,169.0
赤崁棺材板,濃湯,137.0
赤崁棺材板,態度,106.0
赤崁棺材板,價格,102.0
赤崁棺材板,小吃,89.0
赤崁棺材板,份量,74.0
赤崁棺材板,原味,73.0
赤崁棺材板,美食,73.0
赤崁棺材板,咖哩,69.0
赤崁棺材板,東西,66.0
赤崁棺材板,麵包,65.0
赤崁棺材板,客人,59.0
赤崁棺材板,店家,58.0
赤崁棺材板,玉米,55.0
赤崁棺材板,鱔魚麵,53.0
阿和肉燥飯,肉燥飯,250.0
阿和肉燥飯,魚皮湯,225.0
阿和肉燥飯,燥飯,205.0
阿和肉燥飯,肉燥,127.0
阿和肉燥飯,魚皮,97.0
阿和肉燥飯,味道,94.0
阿和肉燥飯,肥肉,78.0
阿和肉燥飯,香菜,75.0
阿和肉燥飯,小菜,67.0
阿和肉燥飯,口味,62.0
阿和肉燥飯,早餐,60.0
阿和肉燥飯,魚湯,60.0
阿和肉燥飯,魚肚湯,57.0
阿和肉燥飯,荷包蛋,53.0
阿和肉燥飯,阿和,46.0
阿和肉燥飯,價格,45.0
阿和肉燥飯,滷肉飯,40.0
阿和肉燥飯,魚丸湯,36.0
阿和肉燥飯,湯頭,36.0
阿和肉燥飯,環境,31.0
Ramen Kagetsu Arashi,拉麵,68.0
Ramen Kagetsu Arashi,口味,29.0
Ramen Kagetsu Arashi,客人,29.0
Ramen Kagetsu Arashi,味道,27.0
Ramen Kagetsu Arashi,湯頭,27.0
Ramen Kagetsu Arashi,店員,25.0
Ramen Kagetsu Arashi,態度,21.0
Ramen Kagetsu Arashi,人員,19.0
Ramen Kagetsu Arashi,服務費,17.0
Ramen Kagetsu Arashi,餐點,17.0
Ramen Kagetsu Arashi,炒飯,15.0
Ramen Kagetsu Arashi,大蒜,13.0
Ramen Kagetsu Arashi,感覺,12.0
Ramen Kagetsu Arashi,員工,11.0
Ramen Kagetsu Arashi,服務生,11.0
Ramen Kagetsu Arashi,品質,9.0
Ramen Kagetsu Arashi,問題,7.0
Ramen Kagetsu Arashi,花月嵐,7.0
Ramen Kagetsu Arashi,整體,7.0
Ramen Kagetsu Arashi,小時,7.0
慶中街糖人館,老闆,31.0
慶中街糖人館,餐點,30.0
慶中街糖人館,仙草,28.0
慶中街糖人館,飲料,17.0
慶中街糖人館,平價,14.0
慶中街糖人館,甜點,14.0
慶中街糖人館,嫩仙草,13.0
慶中街糖人館,價格,12.0
慶中街糖人館,東西,12.0
慶中街糖人館,環境,12.0
慶中街糖人館,裝潢,11.0
慶中街糖人館,義大利麵,11.0
慶中街糖人館,特色,10.0
慶中街糖人館,套餐,10.0
慶中街糖人館,風格,9.0
慶中街糖人館,口味,8.0
慶中街糖人館,朋友,8.0
慶中街糖人館,價位,7.0
慶中街糖人館,芋頭,7.0
慶中街糖人館,味道,7.0
花見小路,餐點,18.0
花見小路,石鍋,17.0
花見小路,甜點,14.0
花見小路,環境,14.0
花見小路,套餐,12.0
花見小路,價格,12.0
花見小路,飲料,11.0
花見小路,東西,10.0
花見小路,地方,7.0
花見小路,椒麻雞,7.0
花見小路,老闆娘,7.0
花見小路,味道,7.0
花見小路,巷子,6.0
花見小路,口味,6.0
花見小路,巷弄,6.0
花見小路,價位,6.0
花見小路,平價,5.0
花見小路,cp值,5.0
花見小路,雞肉,5.0
花見小路,豬排,5.0
東北酸白菜火煱,湯頭,193.0
東北酸白菜火煱,酸菜,101.0
東北酸白菜火煱,價格,66.0
東北酸白菜火煱,食材,61.0
東北酸白菜火煱,態度,58.0
東北酸白菜火煱,火鍋,56.0
東北酸白菜火煱,口味,55.0
東北酸白菜火煱,味道,55.0
東北酸白菜火煱,白肉鍋,54.0
東北酸白菜火煱,東西,47.0
東北酸白菜火煱,價位,42.0
東北酸白菜火煱,酸白菜,40.0
東北酸白菜火煱,白肉,39.0
東北酸白菜火煱,店家,35.0
東北酸白菜火煱,醬料,34.0
東北酸白菜火煱,火鍋料,32.0
東北酸白菜火煱,人員,30.0
東北酸白菜火煱,客人,27.0
東北酸白菜火煱,服務費,27.0
東北酸白菜火煱,環境,27.0
李媽媽民族鍋燒老店,湯頭,467.0
李媽媽民族鍋燒老店,意麵,410.0
李媽媽民族鍋燒老店,魷魚,183.0
李媽媽民族鍋燒老店,味道,168.0
李媽媽民族鍋燒老店,炸蝦,108.0
李媽媽民族鍋燒老店,鍋燒麵,106.0
李媽媽民族鍋燒老店,口味,104.0
李媽媽民族鍋燒老店,價格,98.0
李媽媽民族鍋燒老店,水餃,94.0
李媽媽民族鍋燒老店,配料,83.0
李媽媽民族鍋燒老店,態度,80.0
李媽媽民族鍋燒老店,老闆,77.0
李媽媽民族鍋燒老店,燒意麵,72.0
李媽媽民族鍋燒老店,店家,71.0
李媽媽民族鍋燒老店,魚餃,64.0
李媽媽民族鍋燒老店,環境,63.0
李媽媽民族鍋燒老店,柴魚,59.0
李媽媽民族鍋燒老店,炸物,54.0
李媽媽民族鍋燒老店,份量,53.0
李媽媽民族鍋燒老店,口感,50.0
柱老爹 桶仔雞,桶仔雞,34.0
柱老爹 桶仔雞,雞油,28.0
柱老爹 桶仔雞,雞肉,20.0
柱老爹 桶仔雞,麵線,15.0
柱老爹 桶仔雞,老闆,9.0
柱老爹 桶仔雞,餐點,8.0
柱老爹 桶仔雞,老闆娘,7.0
柱老爹 桶仔雞,店家,7.0
柱老爹 桶仔雞,青菜,7.0
柱老爹 桶仔雞,桶子雞,6.0
柱老爹 桶仔雞,套餐,6.0
柱老爹 桶仔雞,態度,6.0
柱老爹 桶仔雞,味道,6.0
柱老爹 桶仔雞,口味,6.0
柱老爹 桶仔雞,價格,5.0
柱老爹 桶仔雞,東西,5.0
柱老爹 桶仔雞,古早味,5.0
柱老爹 桶仔雞,客人,5.0
柱老爹 桶仔雞,招牌,5.0
柱老爹 桶仔雞,cp值,4.0
Lao Zheng Beef Noodle Restaurant,牛肉麵,206.0
Lao Zheng Beef Noodle Restaurant,牛肉,132.0
Lao Zheng Beef Noodle Restaurant,湯頭,127.0
Lao Zheng Beef Noodle Restaurant,小菜,124.0
Lao Zheng Beef Noodle Restaurant,口味,66.0
Lao Zheng Beef Noodle Restaurant,價格,49.0
Lao Zheng Beef Noodle Restaurant,味道,47.0
Lao Zheng Beef Noodle Restaurant,麵條,47.0
Lao Zheng Beef Noodle Restaurant,環境,41.0
Lao Zheng Beef Noodle Restaurant,酸菜,38.0
Lao Zheng Beef Noodle Restaurant,炒飯,32.0
Lao Zheng Beef Noodle Restaurant,肉質,25.0
Lao Zheng Beef Noodle Restaurant,價位,22.0
Lao Zheng Beef Noodle Restaurant,整體,22.0
Lao Zheng Beef Noodle Restaurant,冷氣,18.0
Lao Zheng Beef Noodle Restaurant,態度,17.0
Lao Zheng Beef Noodle Restaurant,牛筋,16.0
Lao Zheng Beef Noodle Restaurant,口感,16.0
Lao Zheng Beef Noodle Restaurant,份量,16.0
Lao Zheng Beef Noodle Restaurant,辣椒,14.0
老乾杯 台南西門店,人員,63.0
老乾杯 台南西門店,食材,59.0
老乾杯 台南西門店,肉質,58.0
老乾杯 台南西門店,價格,51.0
老乾杯 台南西門店,價位,50.0
老乾杯 台南西門店,態度,41.0
老乾杯 台南西門店,品質,40.0
老乾杯 台南西門店,套餐,38.0
老乾杯 台南西門店,牛肉,37.0
老乾杯 台南西門店,服務生,29.0
老乾杯 台南西門店,環境,28.0
老乾杯 台南西門店,東西,27.0
老乾杯 台南西門店,餐點,27.0
老乾杯 台南西門店,肉品,26.0
老乾杯 台南西門店,店員,25.0
老乾杯 台南西門店,整體,24.0
老乾杯 台南西門店,午餐,21.0
老乾杯 台南西門店,服務員,21.0
老乾杯 台南西門店,牛排,20.0
老乾杯 台南西門店,口感,20.0
Ahboliau Market Dumpster Noodle,環境,111.0
Ahboliau Market Dumpster Noodle,態度,61.0
Ahboliau Market Dumpster Noodle,紅茶,57.0
Ahboliau Market Dumpster Noodle,肉燥,50.0
Ahboliau Market Dumpster Noodle,味道,48.0
Ahboliau Market Dumpster Noodle,湯麵,43.0
Ahboliau Market Dumpster Noodle,乾麵,36.0
Ahboliau Market Dumpster Noodle,湯頭,31.0
Ahboliau Market Dumpster Noodle,口味,29.0
Ahboliau Market Dumpster Noodle,丸子,29.0
Ahboliau Market Dumpster Noodle,店家,26.0
Ahboliau Market Dumpster Noodle,炭火,25.0
Ahboliau Market Dumpster Noodle,青菜,22.0
Ahboliau Market Dumpster Noodle,古早味,21.0
Ahboliau Market Dumpster Noodle,炭火麵,20.0
Ahboliau Market Dumpster Noodle,麵條,20.0
Ahboliau Market Dumpster Noodle,東西,17.0
Ahboliau Market Dumpster Noodle,餛飩,15.0
Ahboliau Market Dumpster Noodle,麻醬,15.0
Ahboliau Market Dumpster Noodle,特色,14.0
海牙館,餐點,20.0
海牙館,老闆娘,16.0
海牙館,火鍋,14.0
海牙館,東西,11.0
海牙館,食材,9.0
海牙館,價格,8.0
海牙館,味道,8.0
海牙館,湯頭,7.0
海牙館,簡餐,6.0
海牙館,環境,6.0
海牙館,套餐,5.0
海牙館,平價,5.0
海牙館,時間,5.0
海牙館,料理,5.0
海牙館,地方,5.0
海牙館,牛奶鍋,5.0
海牙館,價位,5.0
海牙館,鬆餅,4.0
海牙館,松阪,4.0
海牙館,老闆,4.0
石家正阿美綠豆湯 西門店,綠豆湯,185.0
石家正阿美綠豆湯 西門店,粉角,114.0
石家正阿美綠豆湯 西門店,綠豆,85.0
石家正阿美綠豆湯 西門店,薏仁,46.0
石家正阿美綠豆湯 西門店,味道,32.0
石家正阿美綠豆湯 西門店,口感,32.0
石家正阿美綠豆湯 西門店,口味,23.0
石家正阿美綠豆湯 西門店,麵茶,19.0
石家正阿美綠豆湯 西門店,價格,18.0
石家正阿美綠豆湯 西門店,店家,18.0
石家正阿美綠豆湯 西門店,綠豆汁,18.0
石家正阿美綠豆湯 西門店,古早味,16.0
石家正阿美綠豆湯 西門店,紅豆,14.0
石家正阿美綠豆湯 西門店,感覺,12.0
石家正阿美綠豆湯 西門店,香味,12.0
石家正阿美綠豆湯 西門店,紅豆湯,10.0
石家正阿美綠豆湯 西門店,美食,8.0
石家正阿美綠豆湯 西門店,圓仔湯,8.0
石家正阿美綠豆湯 西門店,老闆,7.0
石家正阿美綠豆湯 西門店,香氣,7.0
Dain-Dain Hamburger Tainan Chenggong,漢堡,354.0
Dain-Dain Hamburger Tainan Chenggong,餐點,350.0
Dain-Dain Hamburger Tainan Chenggong,麵線,339.0
Dain-Dain Hamburger Tainan Chenggong,丹丹,321.0
Dain-Dain Hamburger Tainan Chenggong,炸雞,252.0
Dain-Dain Hamburger Tainan Chenggong,口味,250.0
Dain-Dain Hamburger Tainan Chenggong,東西,228.0
Dain-Dain Hamburger Tainan Chenggong,價格,204.0
Dain-Dain Hamburger Tainan Chenggong,雞腿堡,183.0
Dain-Dain Hamburger Tainan Chenggong,米糕,158.0
Dain-Dain Hamburger Tainan Chenggong,味道,156.0
Dain-Dain Hamburger Tainan Chenggong,店員,131.0
Dain-Dain Hamburger Tainan Chenggong,環境,131.0
Dain-Dain Hamburger Tainan Chenggong,丹丹漢堡,124.0
Dain-Dain Hamburger Tainan Chenggong,時間,122.0
Dain-Dain Hamburger Tainan Chenggong,座位,121.0
Dain-Dain Hamburger Tainan Chenggong,cp值,120.0
Dain-Dain Hamburger Tainan Chenggong,態度,119.0
Dain-Dain Hamburger Tainan Chenggong,位置,109.0
Dain-Dain Hamburger Tainan Chenggong,速度,109.0
麵條王海產麵,海產麵,121.0
麵條王海產麵,豬肝,102.0
麵條王海產麵,湯頭,78.0
麵條王海產麵,麵條,76.0
麵條王海產麵,乾麵,71.0
麵條王海產麵,海鮮,53.0
麵條王海產麵,號碼牌,51.0
麵條王海產麵,吃法,49.0
麵條王海產麵,肉燥,49.0
麵條王海產麵,老闆,49.0
麵條王海產麵,美食,47.0
麵條王海產麵,味道,43.0
麵條王海產麵,湯麵,39.0
麵條王海產麵,價格,38.0
麵條王海產麵,魚丸,35.0
麵條王海產麵,海產,34.0
麵條王海產麵,cp值,33.0
麵條王海產麵,時間,33.0
麵條王海產麵,環境,33.0
麵條王海產麵,口味,31.0
歡喜樓,菜色,82.0
歡喜樓,平價,77.0
歡喜樓,價格,70.0
歡喜樓,口味,56.0
歡喜樓,態度,55.0
歡喜樓,人員,40.0
歡喜樓,味道,34.0
歡喜樓,東西,33.0
歡喜樓,客人,33.0
歡喜樓,餐點,28.0
歡喜樓,冰淇淋,27.0
歡喜樓,環境,24.0
歡喜樓,地方,22.0
歡喜樓,料理,18.0
歡喜樓,服務生,17.0
歡喜樓,速度,16.0
歡喜樓,價位,15.0
歡喜樓,水果,15.0
歡喜樓,份量,14.0
歡喜樓,價錢,14.0
阿龍香腸熟肉,香腸,255.0
阿龍香腸熟肉,燥飯,135.0
阿龍香腸熟肉,肉燥飯,119.0
阿龍香腸熟肉,東西,116.0
阿龍香腸熟肉,小菜,110.0
阿龍香腸熟肉,口味,110.0
阿龍香腸熟肉,熟肉,109.0
阿龍香腸熟肉,滷肉飯,106.0
阿龍香腸熟肉,蟳丸,101.0
阿龍香腸熟肉,味道,96.0
阿龍香腸熟肉,價格,95.0
阿龍香腸熟肉,魚蛋,84.0
阿龍香腸熟肉,小吃,81.0
阿龍香腸熟肉,食材,80.0
阿龍香腸熟肉,美食,76.0
阿龍香腸熟肉,粉腸,71.0
阿龍香腸熟肉,口感,68.0
阿龍香腸熟肉,沾醬,64.0
阿龍香腸熟肉,黑白切,63.0
阿龍香腸熟肉,豬肝,60.0
富盛號,碗粿,1219.0
富盛號,味道,392.0
富盛號,口感,331.0
富盛號,魚羹,299.0
富盛號,口味,275.0
富盛號,碗糕,161.0
富盛號,蒜泥,152.0
富盛號,美食,144.0
富盛號,富盛號,126.0
富盛號,態度,105.0
富盛號,店面,104.0
富盛號,小吃,100.0
富盛號,蝦仁,96.0
富盛號,醬料,87.0
富盛號,環境,80.0
富盛號,店家,77.0
富盛號,古早味,76.0
富盛號,價格,73.0
富盛號,醬汁,70.0
富盛號,整體,64.0
阿美飯店,砂鍋鴨,139.0
阿美飯店,米糕,76.0
阿美飯店,布丁,67.0
阿美飯店,古早味,66.0
阿美飯店,紅蟳,65.0
阿美飯店,味道,64.0
阿美飯店,菜色,62.0
阿美飯店,口味,60.0
阿美飯店,料理,54.0
阿美飯店,阿美,40.0
阿美飯店,鱔魚,37.0
阿美飯店,環境,36.0
阿美飯店,餐點,36.0
阿美飯店,價格,35.0
阿美飯店,美食,33.0
阿美飯店,甜點,30.0
阿美飯店,特色,29.0
阿美飯店,辦桌菜,24.0
阿美飯店,態度,24.0
阿美飯店,沙鍋鴨,22.0
邊疆燒烤,啤酒,102.0
邊疆燒烤,態度,33.0
邊疆燒烤,店家,28.0
邊疆燒烤,小時,25.0
邊疆燒烤,客人,25.0
邊疆燒烤,東西,22.0
邊疆燒烤,酒類,21.0
邊疆燒烤,時間,21.0
邊疆燒烤,種類,18.0
邊疆燒烤,價格,16.0
邊疆燒烤,店員,15.0
邊疆燒烤,食物,15.0
邊疆燒烤,環境,15.0
邊疆燒烤,服務生,14.0
邊疆燒烤,餐點,14.0
邊疆燒烤,老闆,13.0
邊疆燒烤,口味,13.0
邊疆燒烤,地方,12.0
邊疆燒烤,牛肉串,12.0
邊疆燒烤,酒杯,12.0
九州豚骨拉麵(南門店),拉麵,48.0
九州豚骨拉麵(南門店),湯頭,28.0
九州豚骨拉麵(南門店),平價,16.0
九州豚骨拉麵(南門店),價格,14.0
九州豚骨拉麵(南門店),口味,13.0
九州豚骨拉麵(南門店),環境,10.0
九州豚骨拉麵(南門店),小菜,8.0
九州豚骨拉麵(南門店),味道,8.0
九州豚骨拉麵(南門店),麵條,7.0
九州豚骨拉麵(南門店),豚骨,7.0
九州豚骨拉麵(南門店),cp值,7.0
九州豚骨拉麵(南門店),蒜味,6.0
九州豚骨拉麵(南門店),份量,5.0
九州豚骨拉麵(南門店),口感,4.0
九州豚骨拉麵(南門店),老闆,3.0
九州豚骨拉麵(南門店),店家,3.0
九州豚骨拉麵(南門店),飲料,3.0
九州豚骨拉麵(南門店),時間,3.0
九州豚骨拉麵(南門店),叉燒肉,3.0
九州豚骨拉麵(南門店),價錢,3.0
合歡山冰城,意麵,16.0
合歡山冰城,豆花,15.0
合歡山冰城,厚片,12.0
合歡山冰城,冰品,12.0
合歡山冰城,東西,10.0
合歡山冰城,平價,10.0
合歡山冰城,味道,10.0
合歡山冰城,飲料,10.0
合歡山冰城,餐點,9.0
合歡山冰城,價格,9.0
合歡山冰城,學生,9.0
合歡山冰城,吐司,8.0
合歡山冰城,口味,7.0
合歡山冰城,美食,7.0
合歡山冰城,紅茶,7.0
合歡山冰城,冰淇淋,6.0
合歡山冰城,湯頭,6.0
合歡山冰城,牛奶,5.0
合歡山冰城,cp值,5.0
合歡山冰城,燒意麵,5.0
益田居酒屋,壽司,52.0
益田居酒屋,炸蝦,44.0
益田居酒屋,東西,21.0
益田居酒屋,生魚片,19.0
益田居酒屋,鮭魚,18.0
益田居酒屋,店員,17.0
益田居酒屋,餐點,15.0
益田居酒屋,口感,13.0
益田居酒屋,炒飯,12.0
益田居酒屋,料理,12.0
益田居酒屋,食物,12.0
益田居酒屋,價格,11.0
益田居酒屋,平價,10.0
益田居酒屋,味道,9.0
益田居酒屋,份量,9.0
益田居酒屋,明太子,8.0
益田居酒屋,食材,8.0
益田居酒屋,態度,7.0
益田居酒屋,朋友,7.0
益田居酒屋,人員,7.0
粘記牛肉麵,牛肉麵,115.0
粘記牛肉麵,湯頭,74.0
粘記牛肉麵,口味,42.0
粘記牛肉麵,牛肉,41.0
粘記牛肉麵,味道,40.0
粘記牛肉麵,麵條,29.0
粘記牛肉麵,滷味,27.0
粘記牛肉麵,水餃,27.0
粘記牛肉麵,環境,22.0
粘記牛肉麵,價格,20.0
粘記牛肉麵,豬肉麵,17.0
粘記牛肉麵,份量,17.0
粘記牛肉麵,牛筋,16.0
粘記牛肉麵,態度,16.0
粘記牛肉麵,口感,14.0
粘記牛肉麵,腩條,13.0
粘記牛肉麵,豬肉,12.0
粘記牛肉麵,小菜,12.0
粘記牛肉麵,拉麵,12.0
粘記牛肉麵,老闆,11.0
早安美芝城台南開山概念店,餐點,18.0
早安美芝城台南開山概念店,早餐,11.0
早安美芝城台南開山概念店,速度,8.0
早安美芝城台南開山概念店,蛋餅,8.0
早安美芝城台南開山概念店,口味,6.0
早安美芝城台南開山概念店,態度,6.0
早安美芝城台南開山概念店,價格,5.0
早安美芝城台南開山概念店,起司,5.0
早安美芝城台南開山概念店,東西,5.0
早安美芝城台南開山概念店,店員,5.0
早安美芝城台南開山概念店,客人,5.0
早安美芝城台南開山概念店,人員,4.0
早安美芝城台南開山概念店,整體,4.0
早安美芝城台南開山概念店,味道,4.0
早安美芝城台南開山概念店,三明治,4.0
早安美芝城台南開山概念店,吐司,4.0
早安美芝城台南開山概念店,感覺,3.0
早安美芝城台南開山概念店,衛生,3.0
早安美芝城台南開山概念店,老闆,3.0
早安美芝城台南開山概念店,鮪魚,3.0
葉家小卷米粉,小卷,1364.0
葉家小卷米粉,湯頭,757.0
葉家小卷米粉,米粉,634.0
葉家小卷米粉,冷氣,172.0
葉家小卷米粉,味道,168.0
葉家小卷米粉,口感,144.0
葉家小卷米粉,口味,137.0
葉家小卷米粉,葉家,117.0
葉家小卷米粉,價格,109.0
葉家小卷米粉,邱家,95.0
葉家小卷米粉,店家,92.0
葉家小卷米粉,小卷湯,89.0
葉家小卷米粉,環境,87.0
葉家小卷米粉,米粉湯,64.0
葉家小卷米粉,美食,63.0
葉家小卷米粉,態度,58.0
葉家小卷米粉,胡椒,55.0
葉家小卷米粉,感覺,54.0
葉家小卷米粉,粗米粉,53.0
葉家小卷米粉,份量,51.0
La Belle Maison Cafe法國鬍子自家手工甜品咖啡餐廳,老闆,187.0
La Belle Maison Cafe法國鬍子自家手工甜品咖啡餐廳,甜點,177.0
La Belle Maison Cafe法國鬍子自家手工甜品咖啡餐廳,可頌,79.0
La Belle Maison Cafe法國鬍子自家手工甜品咖啡餐廳,咖啡,73.0
La Belle Maison Cafe法國鬍子自家手工甜品咖啡餐廳,環境,72.0
La Belle Maison Cafe法國鬍子自家手工甜品咖啡餐廳,餐點,56.0
La Belle Maison Cafe法國鬍子自家手工甜品咖啡餐廳,提拉米蘇,40.0
La Belle Maison Cafe法國鬍子自家手工甜品咖啡餐廳,冰淇淋,38.0
La Belle Maison Cafe法國鬍子自家手工甜品咖啡餐廳,氣氛,36.0
La Belle Maison Cafe法國鬍子自家手工甜品咖啡餐廳,法國人,35.0
La Belle Maison Cafe法國鬍子自家手工甜品咖啡餐廳,草莓,35.0
La Belle Maison Cafe法國鬍子自家手工甜品咖啡餐廳,口感,29.0
La Belle Maison Cafe法國鬍子自家手工甜品咖啡餐廳,巷弄,28.0
La Belle Maison Cafe法國鬍子自家手工甜品咖啡餐廳,下午茶,28.0
La Belle Maison Cafe法國鬍子自家手工甜品咖啡餐廳,檸檬塔,28.0
La Belle Maison Cafe法國鬍子自家手工甜品咖啡餐廳,地方,26.0
La Belle Maison Cafe法國鬍子自家手工甜品咖啡餐廳,氛圍,24.0
La Belle Maison Cafe法國鬍子自家手工甜品咖啡餐廳,感覺,22.0
La Belle Maison Cafe法國鬍子自家手工甜品咖啡餐廳,空間,20.0
La Belle Maison Cafe法國鬍子自家手工甜品咖啡餐廳,鬍子,20.0
Fu Ji meatballs,肉圓,466.0
Fu Ji meatballs,大骨湯,159.0
Fu Ji meatballs,味道,118.0
Fu Ji meatballs,口感,93.0
Fu Ji meatballs,外皮,81.0
Fu Ji meatballs,態度,81.0
Fu Ji meatballs,口味,75.0
Fu Ji meatballs,清湯,71.0
Fu Ji meatballs,醬料,70.0
Fu Ji meatballs,內餡,58.0
Fu Ji meatballs,醬汁,52.0
Fu Ji meatballs,小吃,44.0
Fu Ji meatballs,福記,41.0
Fu Ji meatballs,價格,40.0
Fu Ji meatballs,肉塊,36.0
Fu Ji meatballs,美食,33.0
Fu Ji meatballs,蒸肉圓,31.0
Fu Ji meatballs,店家,30.0
Fu Ji meatballs,瘦肉,28.0
Fu Ji meatballs,老闆,28.0
客再來當歸鴨美食坊,當歸,27.0
客再來當歸鴨美食坊,味道,20.0
客再來當歸鴨美食坊,米糕,17.0
客再來當歸鴨美食坊,軟骨飯,15.0
客再來當歸鴨美食坊,份量,11.0
客再來當歸鴨美食坊,湯頭,11.0
客再來當歸鴨美食坊,口味,10.0
客再來當歸鴨美食坊,態度,9.0
客再來當歸鴨美食坊,紅蔗,7.0
客再來當歸鴨美食坊,價格,7.0
客再來當歸鴨美食坊,肉燥,6.0
客再來當歸鴨美食坊,東西,5.0
客再來當歸鴨美食坊,老闆娘,5.0
客再來當歸鴨美食坊,麵線,5.0
客再來當歸鴨美食坊,鴨肉,5.0
客再來當歸鴨美食坊,嫩骨飯,4.0
客再來當歸鴨美食坊,水準,3.0
客再來當歸鴨美食坊,美食,3.0
客再來當歸鴨美食坊,軟骨,3.0
客再來當歸鴨美食坊,神湯,3.0
鄭記蔥肉餅-西門店「原府前店」,蔥肉餅,135.0
鄭記蔥肉餅-西門店「原府前店」,味道,57.0
鄭記蔥肉餅-西門店「原府前店」,餅皮,45.0
鄭記蔥肉餅-西門店「原府前店」,口感,37.0
鄭記蔥肉餅-西門店「原府前店」,美食,34.0
鄭記蔥肉餅-西門店「原府前店」,外皮,31.0
鄭記蔥肉餅-西門店「原府前店」,點心,30.0
鄭記蔥肉餅-西門店「原府前店」,店家,29.0
鄭記蔥肉餅-西門店「原府前店」,價格,26.0
鄭記蔥肉餅-西門店「原府前店」,口味,26.0
鄭記蔥肉餅-西門店「原府前店」,內餡,24.0
鄭記蔥肉餅-西門店「原府前店」,醬油,22.0
鄭記蔥肉餅-西門店「原府前店」,蔥油餅,20.0
鄭記蔥肉餅-西門店「原府前店」,店面,17.0
鄭記蔥肉餅-西門店「原府前店」,醬料,16.0
鄭記蔥肉餅-西門店「原府前店」,餡料,15.0
鄭記蔥肉餅-西門店「原府前店」,蔥花,14.0
鄭記蔥肉餅-西門店「原府前店」,蔥香,14.0
鄭記蔥肉餅-西門店「原府前店」,蔥味,13.0
鄭記蔥肉餅-西門店「原府前店」,蔥肉,13.0
養蚵世家,蚵仔,400.0
養蚵世家,炒飯,122.0
養蚵世家,蚵仔煎,62.0
養蚵世家,蚵捲,42.0
養蚵世家,蝦捲,39.0
養蚵世家,鮮蚵,37.0
養蚵世家,味道,36.0
養蚵世家,份量,35.0
養蚵世家,料理,32.0
養蚵世家,口味,31.0
養蚵世家,價格,31.0
養蚵世家,麵線,30.0
養蚵世家,東西,29.0
養蚵世家,店家,29.0
養蚵世家,麻油,28.0
養蚵世家,沙西米,24.0
養蚵世家,蚵仔湯,24.0
養蚵世家,醬料,24.0
養蚵世家,老闆,23.0
養蚵世家,餐點,19.0
集品蝦仁飯,蝦仁飯,982.0
集品蝦仁飯,蝦仁,587.0
集品蝦仁飯,味道,347.0
集品蝦仁飯,口味,277.0
集品蝦仁飯,鴨蛋,235.0
集品蝦仁飯,口感,200.0
集品蝦仁飯,鴨蛋湯,192.0
集品蝦仁飯,蝦子,136.0
集品蝦仁飯,態度,117.0
集品蝦仁飯,價格,109.0
集品蝦仁飯,醬汁,106.0
集品蝦仁飯,份量,97.0
集品蝦仁飯,集品,91.0
集品蝦仁飯,炒飯,88.0
集品蝦仁飯,感覺,88.0
集品蝦仁飯,整體,78.0
集品蝦仁飯,荷包蛋,76.0
集品蝦仁飯,美食,73.0
集品蝦仁飯,米飯,69.0
集品蝦仁飯,肉絲,65.0
饗食天堂 台南店,食材,191.0
饗食天堂 台南店,菜色,175.0
饗食天堂 台南店,餐點,157.0
饗食天堂 台南店,東西,131.0
饗食天堂 台南店,食物,120.0
饗食天堂 台南店,人員,119.0
饗食天堂 台南店,甜點,100.0
饗食天堂 台南店,種類,96.0
饗食天堂 台南店,態度,81.0
饗食天堂 台南店,料理,70.0
饗食天堂 台南店,環境,64.0
饗食天堂 台南店,價格,63.0
饗食天堂 台南店,生魚片,56.0
饗食天堂 台南店,感覺,55.0
饗食天堂 台南店,飲料,54.0
饗食天堂 台南店,海鮮,54.0
饗食天堂 台南店,價位,49.0
饗食天堂 台南店,口味,47.0
饗食天堂 台南店,牛肉,42.0
饗食天堂 台南店,客人,42.0
Toast Toast Breakfast stores,蛋餅,1371.0
Toast Toast Breakfast stores,起司,756.0
Toast Toast Breakfast stores,薯泥,740.0
Toast Toast Breakfast stores,份量,436.0
Toast Toast Breakfast stores,吐司,334.0
Toast Toast Breakfast stores,口味,137.0
Toast Toast Breakfast stores,餐點,134.0
Toast Toast Breakfast stores,早餐,124.0
Toast Toast Breakfast stores,味道,99.0
Toast Toast Breakfast stores,皮蛋,92.0
Toast Toast Breakfast stores,九層塔,90.0
Toast Toast Breakfast stores,價格,87.0
Toast Toast Breakfast stores,速度,78.0
Toast Toast Breakfast stores,奶茶,74.0
Toast Toast Breakfast stores,東西,72.0
Toast Toast Breakfast stores,招牌,71.0
Toast Toast Breakfast stores,口感,68.0
Toast Toast Breakfast stores,人潮,64.0
Toast Toast Breakfast stores,環境,63.0
Toast Toast Breakfast stores,店家,62.0
Bao’an Pasta保安工寓咖啡,老闆,62.0
Bao’an Pasta保安工寓咖啡,餐點,49.0
Bao’an Pasta保安工寓咖啡,義大利麵,22.0
Bao’an Pasta保安工寓咖啡,東西,22.0
Bao’an Pasta保安工寓咖啡,老闆人,22.0
Bao’an Pasta保安工寓咖啡,燉飯,18.0
Bao’an Pasta保安工寓咖啡,環境,17.0
Bao’an Pasta保安工寓咖啡,奇美,12.0
Bao’an Pasta保安工寓咖啡,食物,12.0
Bao’an Pasta保安工寓咖啡,保安,9.0
Bao’an Pasta保安工寓咖啡,價格,9.0
Bao’an Pasta保安工寓咖啡,態度,9.0
Bao’an Pasta保安工寓咖啡,朋友,9.0
Bao’an Pasta保安工寓咖啡,濃湯,9.0
Bao’an Pasta保安工寓咖啡,平價,8.0
Bao’an Pasta保安工寓咖啡,青醬,7.0
Bao’an Pasta保安工寓咖啡,份量,7.0
Bao’an Pasta保安工寓咖啡,客人,7.0
Bao’an Pasta保安工寓咖啡,用料,6.0
Bao’an Pasta保安工寓咖啡,飲料,6.0
ISABATI 義薩芭蒂,餐點,108.0
ISABATI 義薩芭蒂,氣氛,47.0
ISABATI 義薩芭蒂,味道,41.0
ISABATI 義薩芭蒂,環境,37.0
ISABATI 義薩芭蒂,飲料,36.0
ISABATI 義薩芭蒂,義大利麵,31.0
ISABATI 義薩芭蒂,套餐,31.0
ISABATI 義薩芭蒂,料理,29.0
ISABATI 義薩芭蒂,份量,29.0
ISABATI 義薩芭蒂,甜點,29.0
ISABATI 義薩芭蒂,燉飯,28.0
ISABATI 義薩芭蒂,口味,27.0
ISABATI 義薩芭蒂,披薩,27.0
ISABATI 義薩芭蒂,人員,24.0
ISABATI 義薩芭蒂,價格,23.0
ISABATI 義薩芭蒂,食物,20.0
ISABATI 義薩芭蒂,奇美,18.0
ISABATI 義薩芭蒂,品質,16.0
ISABATI 義薩芭蒂,主餐,16.0
ISABATI 義薩芭蒂,義式,15.0
Nan Kun Shen seafood restaurant,食材,15.0
Nan Kun Shen seafood restaurant,蚵仔,15.0
Nan Kun Shen seafood restaurant,價格,13.0
Nan Kun Shen seafood restaurant,東西,12.0
Nan Kun Shen seafood restaurant,麵線,12.0
Nan Kun Shen seafood restaurant,海鮮,10.0
Nan Kun Shen seafood restaurant,海產,9.0
Nan Kun Shen seafood restaurant,平價,8.0
Nan Kun Shen seafood restaurant,蝦餅,8.0
Nan Kun Shen seafood restaurant,口味,8.0
Nan Kun Shen seafood restaurant,價錢,7.0
Nan Kun Shen seafood restaurant,月亮,7.0
Nan Kun Shen seafood restaurant,價位,6.0
Nan Kun Shen seafood restaurant,老闆,6.0
Nan Kun Shen seafood restaurant,老闆娘,6.0
Nan Kun Shen seafood restaurant,公道,5.0
Nan Kun Shen seafood restaurant,菜單,5.0
Nan Kun Shen seafood restaurant,味道,5.0
Nan Kun Shen seafood restaurant,餐點,5.0
Nan Kun Shen seafood restaurant,環境,4.0
Gulliver justice Cuisine,餐點,72.0
Gulliver justice Cuisine,環境,24.0
Gulliver justice Cuisine,價格,18.0
Gulliver justice Cuisine,食物,17.0
Gulliver justice Cuisine,東西,16.0
Gulliver justice Cuisine,飲料,15.0
Gulliver justice Cuisine,份量,15.0
Gulliver justice Cuisine,食材,15.0
Gulliver justice Cuisine,燉飯,14.0
Gulliver justice Cuisine,人員,13.0
Gulliver justice Cuisine,料理,13.0
Gulliver justice Cuisine,味道,11.0
Gulliver justice Cuisine,店家,11.0
Gulliver justice Cuisine,義大利麵,11.0
Gulliver justice Cuisine,價位,10.0
Gulliver justice Cuisine,服務費,9.0
Gulliver justice Cuisine,口味,9.0
Gulliver justice Cuisine,烤飯,9.0
Gulliver justice Cuisine,客人,9.0
Gulliver justice Cuisine,態度,8.0
阿堂鹹粥,鹹粥,452.0
阿堂鹹粥,味道,370.0
阿堂鹹粥,價格,370.0
阿堂鹹粥,油條,233.0
阿堂鹹粥,口味,213.0
阿堂鹹粥,魚肚,199.0
阿堂鹹粥,魚肉,181.0
阿堂鹹粥,蝦仁飯,176.0
阿堂鹹粥,小時,173.0
阿堂鹹粥,東西,156.0
阿堂鹹粥,態度,147.0
阿堂鹹粥,時間,140.0
阿堂鹹粥,早餐,137.0
阿堂鹹粥,觀光客,135.0
阿堂鹹粥,湯頭,131.0
阿堂鹹粥,虱目魚,125.0
阿堂鹹粥,魚腸,120.0
阿堂鹹粥,店家,111.0
阿堂鹹粥,份量,110.0
阿堂鹹粥,價錢,105.0
8818 Pizza Restaurant 比薩屋,炸雞,436.0
8818 Pizza Restaurant 比薩屋,披薩,243.0
8818 Pizza Restaurant 比薩屋,餐點,105.0
8818 Pizza Restaurant 比薩屋,義大利麵,86.0
8818 Pizza Restaurant 比薩屋,口味,86.0
8818 Pizza Restaurant 比薩屋,態度,67.0
8818 Pizza Restaurant 比薩屋,味道,62.0
8818 Pizza Restaurant 比薩屋,東西,56.0
8818 Pizza Restaurant 比薩屋,人員,54.0
8818 Pizza Restaurant 比薩屋,環境,51.0
8818 Pizza Restaurant 比薩屋,價格,47.0
8818 Pizza Restaurant 比薩屋,濃湯,44.0
8818 Pizza Restaurant 比薩屋,店員,40.0
8818 Pizza Restaurant 比薩屋,餅皮,38.0
8818 Pizza Restaurant 比薩屋,時間,34.0
8818 Pizza Restaurant 比薩屋,朋友,32.0
8818 Pizza Restaurant 比薩屋,套餐,30.0
8818 Pizza Restaurant 比薩屋,比薩,30.0
8818 Pizza Restaurant 比薩屋,價位,29.0
8818 Pizza Restaurant 比薩屋,份量,27.0
永樂燒肉飯,沙拉,320.0
永樂燒肉飯,燒肉飯,291.0
永樂燒肉飯,燒肉,170.0
永樂燒肉飯,味道,98.0
永樂燒肉飯,口味,73.0
永樂燒肉飯,價格,51.0
永樂燒肉飯,態度,43.0
永樂燒肉飯,雞腿,42.0
永樂燒肉飯,噌湯,42.0
永樂燒肉飯,生菜,41.0
永樂燒肉飯,味噌湯,41.0
永樂燒肉飯,份量,39.0
永樂燒肉飯,美食,37.0
永樂燒肉飯,便當,37.0
永樂燒肉飯,餐點,36.0
永樂燒肉飯,cp值,33.0
永樂燒肉飯,筍乾,32.0
永樂燒肉飯,雞腿飯,29.0
永樂燒肉飯,店家,28.0
永樂燒肉飯,店員,24.0
廟邊海產,海鮮,19.0
廟邊海產,炒飯,14.0
廟邊海產,螃蟹,12.0
廟邊海產,海產,11.0
廟邊海產,蝦子,11.0
廟邊海產,西瓜,11.0
廟邊海產,小卷,8.0
廟邊海產,份量,7.0
廟邊海產,食材,6.0
廟邊海產,客人,6.0
廟邊海產,價格,5.0
廟邊海產,菜色,4.0
廟邊海產,價錢,4.0
廟邊海產,原味,4.0
廟邊海產,朋友,4.0
廟邊海產,cp值,4.0
廟邊海產,口味,3.0
廟邊海產,魚皮,3.0
廟邊海產,東西,3.0
廟邊海產,綿魚湯,3.0
鬥牛士二鍋中山店,態度,264.0
鬥牛士二鍋中山店,人員,175.0
鬥牛士二鍋中山店,食材,171.0
鬥牛士二鍋中山店,東西,130.0
鬥牛士二鍋中山店,服務生,129.0
鬥牛士二鍋中山店,環境,113.0
鬥牛士二鍋中山店,肉品,111.0
鬥牛士二鍋中山店,客人,108.0
鬥牛士二鍋中山店,店員,101.0
鬥牛士二鍋中山店,價格,100.0
鬥牛士二鍋中山店,品質,83.0
鬥牛士二鍋中山店,時間,83.0
鬥牛士二鍋中山店,價位,79.0
鬥牛士二鍋中山店,餐點,74.0
鬥牛士二鍋中山店,飲料,69.0
鬥牛士二鍋中山店,牛排,67.0
鬥牛士二鍋中山店,牛肉,60.0
鬥牛士二鍋中山店,cp值,59.0
鬥牛士二鍋中山店,肉質,54.0
鬥牛士二鍋中山店,火鍋,54.0
陶板屋 台南忠義店,餐點,238.0
陶板屋 台南忠義店,人員,105.0
陶板屋 台南忠義店,態度,80.0
陶板屋 台南忠義店,環境,73.0
陶板屋 台南忠義店,牛排,64.0
陶板屋 台南忠義店,主餐,60.0
陶板屋 台南忠義店,陶板屋,60.0
陶板屋 台南忠義店,東西,59.0
陶板屋 台南忠義店,牛肉,57.0
陶板屋 台南忠義店,品質,56.0
陶板屋 台南忠義店,味道,52.0
陶板屋 台南忠義店,甜點,45.0
陶板屋 台南忠義店,服務生,41.0
陶板屋 台南忠義店,整體,40.0
陶板屋 台南忠義店,王品,37.0
陶板屋 台南忠義店,沙拉,35.0
陶板屋 台南忠義店,口感,34.0
陶板屋 台南忠義店,感覺,34.0
陶板屋 台南忠義店,菜色,33.0
陶板屋 台南忠義店,客人,32.0
阿龍意麵,意麵,339.0
阿龍意麵,滷味,285.0
阿龍意麵,口味,138.0
阿龍意麵,味道,136.0
阿龍意麵,價格,119.0
阿龍意麵,麵條,97.0
阿龍意麵,牛蒡,93.0
阿龍意麵,乾麵,82.0
阿龍意麵,餛飩,80.0
阿龍意麵,辣椒,71.0
阿龍意麵,菠菜,68.0
阿龍意麵,環境,64.0
阿龍意麵,店面,53.0
阿龍意麵,口感,50.0
阿龍意麵,原味,49.0
阿龍意麵,小菜,46.0
阿龍意麵,麻醬,45.0
阿龍意麵,餛飩湯,41.0
阿龍意麵,阿龍,39.0
阿龍意麵,辣椒醬,38.0
米約廚房 Mi Yueh Kitchen,餐點,66.0
米約廚房 Mi Yueh Kitchen,環境,49.0
米約廚房 Mi Yueh Kitchen,義大利麵,19.0
米約廚房 Mi Yueh Kitchen,空間,14.0
米約廚房 Mi Yueh Kitchen,燉飯,14.0
米約廚房 Mi Yueh Kitchen,飲料,14.0
米約廚房 Mi Yueh Kitchen,甜點,14.0
米約廚房 Mi Yueh Kitchen,套餐,13.0
米約廚房 Mi Yueh Kitchen,東西,12.0
米約廚房 Mi Yueh Kitchen,氣氛,12.0
米約廚房 Mi Yueh Kitchen,口味,12.0
米約廚房 Mi Yueh Kitchen,店家,11.0
米約廚房 Mi Yueh Kitchen,咖啡,10.0
米約廚房 Mi Yueh Kitchen,食物,10.0
米約廚房 Mi Yueh Kitchen,份量,10.0
米約廚房 Mi Yueh Kitchen,態度,9.0
米約廚房 Mi Yueh Kitchen,海鮮,8.0
米約廚房 Mi Yueh Kitchen,價格,7.0
米約廚房 Mi Yueh Kitchen,豬腳,7.0
米約廚房 Mi Yueh Kitchen,濃湯,7.0
彩虹日本料理,便當,101.0
彩虹日本料理,料理,66.0
彩虹日本料理,平價,47.0
彩虹日本料理,味道,28.0
彩虹日本料理,份量,26.0
彩虹日本料理,定食,23.0
彩虹日本料理,口味,22.0
彩虹日本料理,cp值,22.0
彩虹日本料理,餐點,21.0
彩虹日本料理,價格,20.0
彩虹日本料理,東西,18.0
彩虹日本料理,生魚片,14.0
彩虹日本料理,豬排,14.0
彩虹日本料理,彩虹,13.0
彩虹日本料理,壽司,12.0
彩虹日本料理,態度,11.0
彩虹日本料理,套餐,11.0
彩虹日本料理,鮭魚,10.0
彩虹日本料理,炸蝦,9.0
彩虹日本料理,食材,9.0
安平 樹屋咖啡館,樹屋,55.0
安平 樹屋咖啡館,冰淇淋,46.0
安平 樹屋咖啡館,咖啡,35.0
安平 樹屋咖啡館,口味,22.0
安平 樹屋咖啡館,霜淇淋,21.0
安平 樹屋咖啡館,海鹽,21.0
安平 樹屋咖啡館,蜷尾家,21.0
安平 樹屋咖啡館,環境,16.0
安平 樹屋咖啡館,地方,12.0
安平 樹屋咖啡館,特色,11.0
安平 樹屋咖啡館,牛奶糖,10.0
安平 樹屋咖啡館,牛奶,10.0
安平 樹屋咖啡館,冷氣,10.0
安平 樹屋咖啡館,飲料,9.0
安平 樹屋咖啡館,氣氛,9.0
安平 樹屋咖啡館,文創,7.0
安平 樹屋咖啡館,啤酒,7.0
安平 樹屋咖啡館,文青,7.0
安平 樹屋咖啡館,景點,6.0
安平 樹屋咖啡館,紀念品,5.0
老厝1933,豬油,424.0
老厝1933,東西,252.0
老厝1933,餐點,195.0
老厝1933,態度,177.0
老厝1933,味道,142.0
老厝1933,小時,130.0
老厝1933,服務費,126.0
老厝1933,店員,121.0
老厝1933,客人,119.0
老厝1933,價格,115.0
老厝1933,時間,107.0
老厝1933,食物,104.0
老厝1933,環境,104.0
老厝1933,速度,103.0
老厝1933,人員,87.0
老厝1933,朋友,85.0
老厝1933,氣氛,84.0
老厝1933,份量,65.0
老厝1933,口味,62.0
老厝1933,感覺,61.0
船家堡食尚工藝 Anping Lucky Boat,老闆娘,51.0
船家堡食尚工藝 Anping Lucky Boat,料理,30.0
船家堡食尚工藝 Anping Lucky Boat,特色,25.0
船家堡食尚工藝 Anping Lucky Boat,素食,22.0
船家堡食尚工藝 Anping Lucky Boat,店家,18.0
船家堡食尚工藝 Anping Lucky Boat,餐點,17.0
船家堡食尚工藝 Anping Lucky Boat,菜單,16.0
船家堡食尚工藝 Anping Lucky Boat,份量,16.0
船家堡食尚工藝 Anping Lucky Boat,菜色,15.0
船家堡食尚工藝 Anping Lucky Boat,口味,14.0
船家堡食尚工藝 Anping Lucky Boat,老闆,13.0
船家堡食尚工藝 Anping Lucky Boat,價格,13.0
船家堡食尚工藝 Anping Lucky Boat,味道,12.0
船家堡食尚工藝 Anping Lucky Boat,美食,11.0
船家堡食尚工藝 Anping Lucky Boat,東西,11.0
船家堡食尚工藝 Anping Lucky Boat,朋友,10.0
船家堡食尚工藝 Anping Lucky Boat,海鮮,9.0
船家堡食尚工藝 Anping Lucky Boat,食物,9.0
船家堡食尚工藝 Anping Lucky Boat,葷素,8.0
船家堡食尚工藝 Anping Lucky Boat,地方,8.0
翰林茶館（台南西門店）,飲料,29.0
翰林茶館（台南西門店）,態度,22.0
翰林茶館（台南西門店）,人員,17.0
翰林茶館（台南西門店）,翰林,14.0
翰林茶館（台南西門店）,珍珠,13.0
翰林茶館（台南西門店）,餐點,13.0
翰林茶館（台南西門店）,奶茶,11.0
翰林茶館（台南西門店）,珍奶,10.0
翰林茶館（台南西門店）,客人,9.0
翰林茶館（台南西門店）,價格,9.0
翰林茶館（台南西門店）,味道,9.0
翰林茶館（台南西門店）,店員,9.0
翰林茶館（台南西門店）,火鍋,8.0
翰林茶館（台南西門店）,服務費,8.0
翰林茶館（台南西門店）,套餐,8.0
翰林茶館（台南西門店）,東西,7.0
翰林茶館（台南西門店）,服務生,7.0
翰林茶館（台南西門店）,價位,6.0
翰林茶館（台南西門店）,服務員,6.0
翰林茶館（台南西門店）,結果,5.0
The Hut BBQ,東西,20.0
The Hut BBQ,餐點,19.0
The Hut BBQ,價格,17.0
The Hut BBQ,平價,15.0
The Hut BBQ,口味,12.0
The Hut BBQ,朋友,12.0
The Hut BBQ,菜色,12.0
The Hut BBQ,環境,11.0
The Hut BBQ,地方,10.0
The Hut BBQ,好友,8.0
The Hut BBQ,態度,8.0
The Hut BBQ,店家,8.0
The Hut BBQ,份量,8.0
The Hut BBQ,食材,8.0
The Hut BBQ,炒飯,7.0
The Hut BBQ,價位,7.0
The Hut BBQ,味道,7.0
The Hut BBQ,小炒,6.0
The Hut BBQ,氣氛,6.0
The Hut BBQ,速度,6.0
轉個彎工坊,餐點,18.0
轉個彎工坊,環境,14.0
轉個彎工坊,火鍋,13.0
轉個彎工坊,味道,7.0
轉個彎工坊,份量,6.0
轉個彎工坊,整體,6.0
轉個彎工坊,甜點,5.0
轉個彎工坊,簡餐,5.0
轉個彎工坊,美食,5.0
轉個彎工坊,地方,4.0
轉個彎工坊,裝潢,4.0
轉個彎工坊,石鍋,4.0
轉個彎工坊,氣氛,4.0
轉個彎工坊,點心,4.0
轉個彎工坊,咖啡,4.0
轉個彎工坊,價位,3.0
轉個彎工坊,老闆娘,3.0
轉個彎工坊,巷弄,3.0
轉個彎工坊,雞腿,3.0
轉個彎工坊,鮭魚,3.0
Harry Fast Food,漢堡,72.0
Harry Fast Food,味道,32.0
Harry Fast Food,奶茶,31.0
Harry Fast Food,餐點,30.0
Harry Fast Food,早餐,25.0
Harry Fast Food,吐司,25.0
Harry Fast Food,老闆,21.0
Harry Fast Food,時間,18.0
Harry Fast Food,口味,18.0
Harry Fast Food,環境,17.0
Harry Fast Food,客人,15.0
Harry Fast Food,店家,13.0
Harry Fast Food,三明治,12.0
Harry Fast Food,動作,12.0
Harry Fast Food,態度,11.0
Harry Fast Food,觀光客,10.0
Harry Fast Food,東西,10.0
Harry Fast Food,店員,10.0
Harry Fast Food,價格,9.0
Harry Fast Food,小時,9.0
Dain-Dain Hamburger Madou,丹丹,174.0
Dain-Dain Hamburger Madou,餐點,134.0
Dain-Dain Hamburger Madou,東西,101.0
Dain-Dain Hamburger Madou,炸雞,80.0
Dain-Dain Hamburger Madou,漢堡,78.0
Dain-Dain Hamburger Madou,口味,73.0
Dain-Dain Hamburger Madou,麵線,71.0
Dain-Dain Hamburger Madou,價格,66.0
Dain-Dain Hamburger Madou,電話,62.0
Dain-Dain Hamburger Madou,丹丹漢堡,56.0
Dain-Dain Hamburger Madou,店員,53.0
Dain-Dain Hamburger Madou,時間,52.0
Dain-Dain Hamburger Madou,味道,50.0
Dain-Dain Hamburger Madou,態度,49.0
Dain-Dain Hamburger Madou,速食,48.0
Dain-Dain Hamburger Madou,米糕,45.0
Dain-Dain Hamburger Madou,平價,42.0
Dain-Dain Hamburger Madou,速度,40.0
Dain-Dain Hamburger Madou,生意,40.0
Dain-Dain Hamburger Madou,套餐,36.0
驢子散步西班牙Home Dining（預約制）,老闆,78.0
驢子散步西班牙Home Dining（預約制）,義大利麵,61.0
驢子散步西班牙Home Dining（預約制）,餐點,56.0
驢子散步西班牙Home Dining（預約制）,料理,37.0
驢子散步西班牙Home Dining（預約制）,味道,33.0
驢子散步西班牙Home Dining（預約制）,麵條,31.0
驢子散步西班牙Home Dining（預約制）,口味,29.0
驢子散步西班牙Home Dining（預約制）,麵包,27.0
驢子散步西班牙Home Dining（預約制）,套餐,25.0
驢子散步西班牙Home Dining（預約制）,價格,24.0
驢子散步西班牙Home Dining（預約制）,濃湯,23.0
驢子散步西班牙Home Dining（預約制）,口感,23.0
驢子散步西班牙Home Dining（預約制）,食物,20.0
驢子散步西班牙Home Dining（預約制）,食材,17.0
驢子散步西班牙Home Dining（預約制）,環境,16.0
驢子散步西班牙Home Dining（預約制）,青醬,16.0
驢子散步西班牙Home Dining（預約制）,甜點,15.0
驢子散步西班牙Home Dining（預約制）,份量,15.0
驢子散步西班牙Home Dining（預約制）,雞肉,14.0
驢子散步西班牙Home Dining（預約制）,氣氛,13.0
